Period,Site,Corallivore Density,Detritivore Density,Omnivore Density,Carnivore Density,Herbivore Density,Commercial Biomass,Total Biomass
Spring 2024,Santa Catalina Cawitan,45.0,42.0,22.0,626.0,670.0,43004.75208950814,55304.18509805358
Autumn 2024,Santa Catalina Cawitan,12.5,17.0,8.0,78.5,591.5,3578.5940166240134,6005.90121534177
Winter 24/25,Santa Catalina Cawitan,11.0,18.5,6.5,23.0,52.5,2750.0137973044916,6109.527800699236
Spring 2025,Santa Catalina Cawitan,5.25,11.75,5.75,21.75,42.0,3185.628456097794,7442.738073608911
