Period,Site,Corallivore Density,Detritivore Density,Omnivore Density,Carnivore Density,Herbivore Density,Total Count,Total Density,Commercial Biomass,Total Biomass
Winter 24/25,Antulang,13.0,10.052631578947368,17.68421052631579,60.26315789473684,537.5263157894736,12132,638.5263157894736,153486.4195306719,315723.67915170186
