Period,Site,Corallivore Density,Detritivore Density,Omnivore Density,Carnivore Density,Herbivore Density,Commercial Biomass,Total Biomass
Autumn 2017,TURTLE HEAVEN,6.5,22.8,17.7,18.8,66.9,254040.08064704042,309301.24246682477
Winter 17/18,TURTLE HEAVEN,13.5,22.0,24.0,31.75,38.0,37748.528586029664,56740.10536602566
Spring 2018,TURTLE HEAVEN,3.1666666666666665,6.0,5.944444444444445,6.222222222222222,13.38888888888889,32092.329051451343,40262.22508083006
Summer 2018,TURTLE HEAVEN,7.230769230769231,17.153846153846153,16.153846153846153,19.0,41.84615384615385,82256.4382343311,134608.86374187015
Autumn 2018,TURTLE HEAVEN,19.666666666666668,44.333333333333336,27.0,18.5,123.16666666666667,90179.90164583012,121803.2853375487
Winter 18/19,TURTLE HEAVEN,8.333333333333334,20.0,24.166666666666668,19.5,105.16666666666667,80377.5232918439,105690.78390606474
