Period,Site,Corallivore Density,Detritivore Density,Omnivore Density,Carnivore Density,Herbivore Density,Commercial Biomass,Total Biomass
Autumn 2017,UNITY POINT,8.857142857142858,21.571428571428573,26.0,6.714285714285714,19.285714285714285,15524.96982419423,67783.60536502162
Winter 17/18,UNITY POINT,9.625,15.125,21.375,17.25,34.25,19634.54922334989,38165.3614090942
Spring 2018,UNITY POINT,8.333333333333334,26.916666666666668,13.083333333333334,21.666666666666668,145.91666666666666,136525.0945287019,151422.828936499
Summer 2018,UNITY POINT,11.1,19.7,22.4,48.7,39.2,55166.09224942317,86472.4656781632
Autumn 2018,UNITY POINT,23.0,31.0,48.166666666666664,25.0,42.666666666666664,40303.57453697707,59340.35038927546
Winter 18/19,UNITY POINT,19.666666666666668,20.0,32.166666666666664,20.5,64.0,37353.55965070482,64116.338515204836
