Period,Site,Corallivore Density,Detritivore Density,Omnivore Density,Carnivore Density,Herbivore Density,Commercial Biomass,Total Biomass
Winter 19/20,TAMBOBO MPA,25.666666666666668,25.166666666666668,18.166666666666668,12.666666666666666,197.16666666666666,59558.54351401186,72606.15273691017
