Period,Site,Corallivore Density,Detritivore Density,Omnivore Density,Carnivore Density,Herbivore Density,Commercial Biomass,Commercial Density,Total Biomass,Total Biomass Density,Total Count,Total Density,Commercial Biomass Percentage
Winter 24/25,Andulay MPA,11.277777777777779,9.833333333333334,16.38888888888889,86.88888888888889,583.3888888888889,123.3762089615185,6.854233831195472,310.87869847033886,17.271038803907715,12740,707.7777777777778,39.68628586280894
