Period,Site,Corallivore Density,Detritivore Density,Omnivore Density,Carnivore Density,Herbivore Density,Commercial Biomass,Commercial Density,Total Biomass,Total Biomass Density,Total Count,Total Density,Commercial Biomass Percentage
Winter 24/25,Antulang,13.0,10.052631578947368,17.68421052631579,60.26315789473684,537.5263157894736,153.4864195306719,8.078232606877469,315.72367915170184,16.617035744826413,12132,638.5263157894736,48.61416158048865
