Period,Site,Corallivore Density,Detritivore Density,Omnivore Density,Carnivore Density,Herbivore Density,Total Count,Total Density,Commercial Biomass,Total Biomass
Winter 24/25,Andulay MPA,11.277777777777779,9.833333333333334,16.38888888888889,86.88888888888889,583.3888888888889,12740,707.7777777777778,123376.2089615185,310878.6984703389
