Period,Site,Corallivore Density,Detritivore Density,Omnivore Density,Carnivore Density,Herbivore Density,Total Count,Total Density,Commercial Biomass,Total Biomass
Winter 24/25,Salag MPA,11.944444444444445,14.222222222222221,4.277777777777778,77.27777777777777,491.44444444444446,10785,599.1666666666666,165598.6326317488,262450.3406319604
