Period,Site,Corallivore Density,Detritivore Density,Omnivore Density,Carnivore Density,Herbivore Density,Total Count,Total Density,Commercial Biomass,Total Biomass
Winter 24/25,Kookoos,11.11111111111111,11.61111111111111,7.222222222222222,47.833333333333336,485.1666666666667,10133,562.9444444444445,95587.85356067267,245530.41139941008
