Period,Site,Corallivore Density,Corallivore Density_N,Corallivore Density_SD,Corallivore Density_SE,Corallivore Density_CI_low,Corallivore Density_CI_high,Corallivore Density_EB_low,Corallivore Density_EB_high,Detritivore Density,Detritivore Density_N,Detritivore Density_SD,Detritivore Density_SE,Detritivore Density_CI_low,Detritivore Density_CI_high,Detritivore Density_EB_low,Detritivore Density_EB_high,Omnivore Density,Omnivore Density_N,Omnivore Density_SD,Omnivore Density_SE,Omnivore Density_CI_low,Omnivore Density_CI_high,Omnivore Density_EB_low,Omnivore Density_EB_high,Carnivore Density,Carnivore Density_N,Carnivore Density_SD,Carnivore Density_SE,Carnivore Density_CI_low,Carnivore Density_CI_high,Carnivore Density_EB_low,Carnivore Density_EB_high,Herbivore Density,Herbivore Density_N,Herbivore Density_SD,Herbivore Density_SE,Herbivore Density_CI_low,Herbivore Density_CI_high,Herbivore Density_EB_low,Herbivore Density_EB_high,Total Density,Total Density_N,Total Density_SD,Total Density_SE,Total Density_CI_low,Total Density_CI_high,Total Density_EB_low,Total Density_EB_high,Total Biomass Density,Total Biomass Density_N,Total Biomass Density_SD,Total Biomass Density_SE,Total Biomass Density_CI_low,Total Biomass Density_CI_high,Total Biomass Density_EB_low,Total Biomass Density_EB_high,Commercial Density,Commercial Density_N,Commercial Density_SD,Commercial Density_SE,Commercial Density_CI_low,Commercial Density_CI_high,Commercial Density_EB_low,Commercial Density_EB_high,Commercial Biomass Density,Commercial Biomass Density_N,Commercial Biomass Density_SD,Commercial Biomass Density_SE,Commercial Biomass Density_CI_low,Commercial Biomass Density_CI_high,Commercial Biomass Density_EB_low,Commercial Biomass Density_EB_high,Species Richness,Number of Surveys,Average Species Richness,Species Richness Shallow,Number of Surveys Shallow,Average Species Richness Shallow,Species Richness Medium,Number of Surveys Medium,Average Species Richness Medium,Species Richness Deep,Number of Surveys Deep,Average Species Richness Deep
Autumn 2017,Andulay MPA,34.4,15,29.04,7.5,18.32,50.48,26.9,41.9,29.4,15,24.01,6.2,16.1,42.7,23.2,35.6,17.27,15,10.4,2.68,11.51,23.02,14.58,19.95,62.33,15,61.85,15.97,28.08,96.59,46.36,78.3,59.07,15,57.79,14.92,27.06,91.07,44.15,73.99,202.47,15,131.33,33.91,129.74,275.19,168.56,236.37,22.76,15,24.76,6.39,9.04,36.47,16.36,29.15,101.67,15,92.52,23.89,50.43,152.9,77.78,125.56,15.87,15,18.0,4.65,5.9,25.84,11.22,20.52,40,15,2.67,27.0,4.0,6.75,30.0,6.0,5.0,30.0,5.0,6.0
Autumn 2017,Antulang,48.33,3,8.5,4.91,27.21,69.46,43.42,53.24,26.67,3,4.16,2.4,16.32,37.01,24.26,29.07,24.67,3,0.58,0.33,23.23,26.1,24.33,25.0,38.33,3,26.63,15.38,0.0,104.49,22.96,53.71,98.0,3,72.69,41.97,0.0,278.57,56.03,139.97,236.0,3,109.53,63.24,0.0,508.09,172.76,299.24,29.79,3,34.8,20.09,0.0,116.23,9.7,49.88,129.33,3,113.17,65.34,0.0,410.45,64.0,194.67,24.36,3,31.84,18.38,0.0,103.47,5.98,42.75,23,3,7.67,14.0,1.0,14.0,16.0,1.0,16.0,17.0,1.0,17.0
Autumn 2017,Basak Can-Unsang MPA,33.67,6,20.82,8.5,11.82,55.52,25.17,42.17,26.17,6,3.43,1.4,22.57,29.77,24.77,27.57,12.67,6,8.14,3.32,4.12,21.21,9.34,15.99,63.67,6,51.29,20.94,9.85,117.49,42.73,84.6,133.17,6,82.0,33.48,47.11,219.22,99.69,166.64,269.33,6,136.03,55.53,126.58,412.09,213.8,324.87,40.72,6,29.61,12.09,9.65,71.79,28.63,52.81,185.33,6,94.14,38.43,86.54,284.13,146.9,223.77,28.63,6,16.92,6.91,10.88,46.39,21.73,35.54,36,6,6.0,24.0,2.0,12.0,26.0,2.0,13.0,28.0,2.0,14.0
Autumn 2017,Guinsuan MPA,21.22,9,12.87,4.29,11.33,31.12,16.93,25.51,21.67,9,23.79,7.93,3.38,39.95,13.74,29.6,11.78,9,11.39,3.8,3.02,20.53,7.98,15.57,31.56,9,19.4,6.47,16.65,46.47,25.09,38.02,61.78,9,80.96,26.99,0.0,124.01,34.79,88.77,148.0,9,90.98,30.33,78.06,217.94,117.67,178.33,15.25,9,21.02,7.01,0.0,31.4,8.24,22.25,95.33,9,81.92,27.31,32.36,158.3,68.03,122.64,12.74,9,19.56,6.52,0.0,27.78,6.22,19.26,25,9,2.78,12.0,1.0,12.0,19.0,4.0,4.75,19.0,4.0,4.75
Autumn 2017,Kookoos,39.33,3,10.07,5.81,14.33,64.34,33.52,45.15,20.33,3,12.86,7.42,0.0,52.27,12.91,27.76,40.0,3,16.52,9.54,0.0,81.04,30.46,49.54,56.33,3,46.69,26.96,0.0,172.33,29.37,83.29,104.33,3,16.26,9.39,63.95,144.72,94.95,113.72,260.33,3,89.78,51.83,37.31,483.36,208.5,312.17,22.35,3,13.29,7.67,0.0,55.38,14.68,30.03,134.67,3,51.33,29.63,7.17,262.17,105.03,164.3,12.4,3,5.31,3.07,0.0,25.6,9.34,15.47,26,3,8.67,18.0,1.0,18.0,17.0,1.0,17.0,20.0,1.0,20.0
Autumn 2017,Lutoban North MPA,38.83,12,26.09,7.53,22.26,55.41,31.3,46.36,21.08,12,11.74,3.39,13.63,28.54,17.7,24.47,17.17,12,10.33,2.98,10.6,23.73,14.18,20.15,18.67,12,11.28,3.26,11.5,25.83,15.41,21.92,54.17,12,54.02,15.59,19.84,88.49,38.57,69.76,149.92,12,96.03,27.72,88.91,210.93,122.2,177.64,17.12,12,20.95,6.05,3.81,30.44,11.07,23.17,76.0,12,65.3,18.85,34.51,117.49,57.15,94.85,13.23,12,19.61,5.66,0.77,25.69,7.57,18.89,35,12,2.92,18.0,4.0,4.5,28.0,4.0,7.0,26.0,4.0,6.5
Autumn 2017,Lutoban Pier,19.42,12,12.2,3.52,11.67,27.17,15.9,22.94,19.5,12,15.89,4.59,9.4,29.6,14.91,24.09,18.33,12,10.53,3.04,11.65,25.02,15.29,21.37,54.75,12,80.34,23.19,3.7,105.8,31.56,77.94,164.42,12,176.26,50.88,52.43,276.41,113.54,215.3,276.42,12,255.99,73.9,113.77,439.07,202.52,350.31,23.61,12,25.38,7.33,7.48,39.73,16.28,30.93,175.5,12,191.36,55.24,53.91,297.09,120.26,230.74,14.92,12,14.08,4.06,5.97,23.86,10.85,18.98,30,12,2.5,21.0,4.0,5.25,24.0,4.0,6.0,23.0,4.0,5.75
Autumn 2017,Maluay Malatapay MPA,13.58,12,9.95,2.87,7.26,19.9,10.71,16.46,26.08,12,18.13,5.23,14.57,37.6,20.85,31.32,16.75,12,13.86,4.0,7.95,25.55,12.75,20.75,78.42,12,103.96,30.01,12.36,144.47,48.41,108.43,94.42,12,115.95,33.47,20.74,168.09,60.94,127.89,229.25,12,185.71,53.61,111.25,347.25,175.64,282.86,26.09,12,32.32,9.33,5.55,46.62,16.76,35.42,169.0,12,170.4,49.19,60.73,277.27,119.81,218.19,21.26,12,30.87,8.91,1.65,40.87,12.35,30.17,34,12,2.83,24.0,4.0,6.0,29.0,5.0,5.8,22.0,3.0,7.33
Winter 17/18,Antulang,38.0,2,11.31,8.0,0.0,139.65,30.0,46.0,27.5,2,14.85,10.5,0.0,160.92,17.0,38.0,19.0,2,1.41,1.0,6.29,31.71,18.0,20.0,14.0,2,2.83,2.0,0.0,39.41,12.0,16.0,22.5,2,7.78,5.5,0.0,92.38,17.0,28.0,121.0,2,5.66,4.0,70.18,171.82,117.0,125.0,3.1,2,0.57,0.4,0.0,8.17,2.7,3.49,45.0,2,9.9,7.0,0.0,133.94,38.0,52.0,1.43,2,0.07,0.05,0.82,2.04,1.38,1.48,16,2,8.0,12.0,1.0,12.0,13.0,1.0,13.0,,,
Winter 17/18,Basak Can-Unsang MPA,12.0,1,,,,,,,7.0,1,,,,,,,11.0,1,,,,,,,43.0,1,,,,,,,66.0,1,,,,,,,139.0,1,,,,,,,11.73,1,,,,,,,103.0,1,,,,,,,8.46,1,,,,,,,19,1,19.0,,,,19.0,1.0,19.0,,,
Winter 17/18,Guinsuan MPA,16.5,4,2.65,1.32,12.29,20.71,15.18,17.82,16.75,4,11.73,5.86,0.0,35.41,10.89,22.61,6.25,4,4.92,2.46,0.0,14.09,3.79,8.71,75.0,4,94.09,47.04,0.0,224.72,27.96,122.04,35.75,4,50.87,25.44,0.0,116.7,10.31,61.19,150.25,4,87.54,43.77,10.96,289.54,106.48,194.02,16.73,4,25.91,12.95,0.0,57.95,3.77,29.68,59.75,4,33.65,16.82,6.21,113.29,42.93,76.57,1.98,4,1.29,0.64,0.0,4.02,1.33,2.62,26,4,6.5,20.0,2.0,10.0,13.0,1.0,13.0,9.0,1.0,9.0
Winter 17/18,Andulay MPA,25.4,5,10.45,4.68,12.42,38.38,20.72,30.08,16.4,5,9.91,4.43,4.09,28.71,11.97,20.83,25.6,5,13.22,5.91,9.18,42.02,19.69,31.51,60.2,5,29.22,13.07,23.92,96.48,47.13,73.27,54.6,5,36.9,16.5,8.78,100.42,38.1,71.1,182.2,5,41.36,18.5,130.84,233.56,163.7,200.7,8.61,5,4.96,2.22,2.44,14.77,6.39,10.83,112.0,5,54.18,24.23,44.72,179.28,87.77,136.23,6.72,5,4.6,2.06,1.02,12.43,4.67,8.78,33,5,6.6,22.0,2.0,11.0,24.0,2.0,12.0,19.0,1.0,19.0
Winter 17/18,Lutoban North MPA,34.0,2,2.83,2.0,8.59,59.41,32.0,36.0,13.5,2,0.71,0.5,7.15,19.85,13.0,14.0,20.5,2,0.71,0.5,14.15,26.85,20.0,21.0,10.0,2,1.41,1.0,0.0,22.71,9.0,11.0,27.5,2,10.61,7.5,0.0,122.8,20.0,35.0,105.5,2,9.19,6.5,22.91,188.09,99.0,112.0,2.95,2,1.15,0.81,0.0,13.3,2.13,3.76,41.0,2,0.0,0.0,41.0,41.0,41.0,41.0,1.82,2,1.08,0.76,0.0,11.51,1.05,2.58,16,2,8.0,12.0,1.0,12.0,10.0,1.0,10.0,,,
Winter 17/18,Lutoban Pier,18.0,4,10.2,5.1,1.77,34.23,12.9,23.1,27.75,4,26.84,13.42,0.0,70.45,14.33,41.17,20.25,4,7.27,3.64,8.67,31.83,16.61,23.89,30.0,4,27.65,13.83,0.0,74.0,16.17,43.83,119.75,4,102.6,51.3,0.0,283.01,68.45,171.05,215.75,4,142.07,71.04,0.0,441.82,144.71,286.79,6.2,4,5.7,2.85,0.0,15.27,3.35,9.05,125.25,4,102.66,51.33,0.0,288.6,73.92,176.58,4.34,4,4.5,2.25,0.0,11.49,2.09,6.58,24,4,6.0,15.0,1.0,15.0,20.0,2.0,10.0,17.0,1.0,17.0
Winter 17/18,Maluay Malatapay MPA,11.5,2,9.19,6.5,0.0,94.09,5.0,18.0,16.5,2,14.85,10.5,0.0,149.92,6.0,27.0,16.5,2,2.12,1.5,0.0,35.56,15.0,18.0,97.5,2,115.26,81.5,0.0,1133.06,16.0,179.0,85.0,2,24.04,17.0,0.0,301.01,68.0,102.0,227.0,2,113.14,80.0,0.0,1243.5,147.0,307.0,12.05,2,7.75,5.48,0.0,81.68,6.57,17.53,184.5,2,136.47,96.5,0.0,1410.65,88.0,281.0,10.28,2,8.86,6.26,0.0,89.85,4.02,16.55,19,2,9.5,,,,19.0,2.0,9.5,,,
Winter 17/18,Kookoos,11.0,7,5.23,1.98,6.16,15.84,9.02,12.98,11.43,7,4.39,1.66,7.37,15.49,9.77,13.09,12.43,7,5.68,2.15,7.17,17.68,10.28,14.58,18.43,7,11.6,4.39,7.7,29.16,14.04,22.81,70.71,7,61.91,23.4,13.46,127.97,47.32,94.11,124.0,7,72.49,27.4,56.96,191.04,96.6,151.4,12.92,7,19.85,7.5,0.0,31.28,5.42,20.42,86.29,7,74.4,28.12,17.48,155.1,58.16,114.41,11.62,7,19.15,7.24,0.0,29.33,4.38,18.86,26,7,3.71,18.0,3.0,6.0,19.0,2.0,9.5,19.0,2.0,9.5
Spring 2018,Basak Can-Unsang MPA,18.4,10,17.87,5.65,5.62,31.18,12.75,24.05,27.8,10,21.43,6.78,12.47,43.13,21.02,34.58,7.9,10,8.14,2.58,2.07,13.73,5.32,10.48,116.3,10,121.34,38.37,29.5,203.1,77.93,154.67,170.3,10,183.09,57.9,39.33,301.27,112.4,228.2,340.7,10,313.52,99.14,116.42,564.98,241.56,439.84,29.19,10,28.43,8.99,8.86,49.53,20.21,38.18,275.8,10,254.78,80.57,93.54,458.06,195.23,356.37,23.94,10,21.63,6.84,8.47,39.41,17.1,30.78,41,10,4.1,22.0,4.0,5.5,33.0,3.0,11.0,29.0,3.0,9.67
Spring 2018,Guinsuan MPA,21.75,8,17.56,6.21,7.07,36.43,15.54,27.96,41.12,8,16.72,5.91,27.15,55.1,35.21,47.04,9.75,8,6.02,2.13,4.72,14.78,7.62,11.88,42.38,8,28.89,10.21,18.22,66.53,32.16,52.59,66.5,8,69.66,24.63,8.26,124.74,41.87,91.13,181.5,8,89.09,31.5,107.02,255.98,150.0,213.0,7.07,8,3.38,1.2,4.24,9.9,5.88,8.27,128.5,8,85.58,30.26,56.96,200.04,98.24,158.76,5.18,8,3.36,1.19,2.37,7.99,3.99,6.37,23,8,2.88,16.0,2.0,8.0,20.0,3.0,6.67,18.0,3.0,6.0
Spring 2018,Kookoos,13.53,17,11.1,2.69,7.82,19.24,10.84,16.22,15.41,17,9.45,2.29,10.55,20.27,13.12,17.7,10.65,17,8.43,2.05,6.31,14.98,8.6,12.69,25.41,17,25.52,6.19,12.29,38.53,19.22,31.6,69.59,17,94.73,22.98,20.88,118.3,46.61,92.56,134.59,17,110.11,26.71,77.97,191.2,107.88,161.29,7.97,17,7.46,1.81,4.14,11.81,6.16,9.78,88.47,17,100.47,24.37,36.81,140.13,64.1,112.84,6.17,17,7.18,1.74,2.48,9.86,4.43,7.91,33,17,1.94,22.0,7.0,3.14,30.0,5.0,6.0,19.0,5.0,3.8
Spring 2018,Lutoban North MPA,24.7,10,16.06,5.08,13.21,36.19,19.62,29.78,17.2,10,14.86,4.7,6.57,27.83,12.5,21.9,11.5,10,5.19,1.64,7.79,15.21,9.86,13.14,17.7,10,13.86,4.38,7.79,27.61,13.32,22.08,107.0,10,167.67,53.02,0.0,226.94,53.98,160.02,178.1,10,191.46,60.54,41.14,315.06,117.56,238.64,9.25,10,11.31,3.58,1.16,17.34,5.67,12.83,126.5,10,175.11,55.37,1.23,251.77,71.13,181.87,6.76,10,8.76,2.77,0.49,13.03,3.99,9.53,26,10,2.6,17.0,2.0,8.5,19.0,4.0,4.75,18.0,4.0,4.5
Spring 2018,Lutoban Pier,17.89,9,5.84,1.95,13.4,22.38,15.94,19.84,11.22,9,5.78,1.93,6.78,15.67,9.29,13.15,12.44,9,3.28,1.09,9.92,14.97,11.35,13.54,66.11,9,87.58,29.19,0.0,133.43,36.92,95.3,71.56,9,66.88,22.29,20.15,122.96,49.26,93.85,179.22,9,149.68,49.89,64.17,294.28,129.33,229.12,15.69,9,15.5,5.17,3.77,27.61,10.52,20.86,80.33,9,69.12,23.04,27.2,133.46,57.29,103.37,7.72,9,10.2,3.4,0.0,15.56,4.32,11.12,29,9,3.22,18.0,2.0,9.0,19.0,3.0,6.33,23.0,4.0,5.75
Spring 2018,Maluay Malatapay MPA,18.08,12,16.54,4.77,7.57,28.59,13.31,22.86,20.08,12,14.98,4.32,10.57,29.6,15.76,24.41,13.75,12,12.6,3.64,5.74,21.76,10.11,17.39,50.17,12,47.23,13.63,20.16,80.18,36.53,63.8,111.33,12,123.09,35.53,33.13,189.54,75.8,146.87,213.42,12,186.98,53.98,94.61,332.22,159.44,267.39,9.85,12,9.75,2.81,3.66,16.05,7.04,12.67,146.67,12,150.28,43.38,51.18,242.15,103.28,190.05,7.71,12,9.25,2.67,1.83,13.58,5.04,10.38,31,12,2.58,24.0,4.0,6.0,17.0,2.0,8.5,20.0,6.0,3.33
Spring 2018,Andulay MPA,32.88,8,28.89,10.21,8.73,57.02,22.66,43.09,24.25,8,22.51,7.96,5.43,43.07,16.29,32.21,19.12,8,12.97,4.58,8.28,29.97,14.54,23.71,92.5,8,94.1,33.27,13.83,171.17,59.23,125.77,94.12,8,88.9,31.43,19.8,168.45,62.69,125.56,262.88,8,221.85,78.43,77.41,448.34,184.44,341.31,17.17,8,14.6,5.16,4.97,29.37,12.01,22.33,140.88,8,119.92,42.4,40.62,241.13,98.48,183.27,11.08,8,10.49,3.71,2.31,19.85,7.37,14.79,32,8,4.0,24.0,1.0,24.0,26.0,3.0,8.67,25.0,4.0,6.25
Spring 2018,Antulang,30.1,10,13.7,4.33,20.3,39.9,25.77,34.43,25.2,10,12.93,4.09,15.95,34.45,21.11,29.29,12.8,10,7.24,2.29,7.62,17.98,10.51,15.09,20.7,10,10.03,3.17,13.52,27.88,17.53,23.87,83.2,10,73.19,23.14,30.84,135.56,60.06,106.34,172.0,10,91.76,29.02,106.36,237.64,142.98,201.02,9.55,10,7.9,2.5,3.9,15.2,7.05,12.04,108.1,10,84.43,26.7,47.7,168.5,81.4,134.8,7.1,10,7.47,2.36,1.75,12.44,4.73,9.46,31,10,3.1,17.0,2.0,8.5,25.0,4.0,6.25,25.0,4.0,6.25
Summer 2018,Guinsuan MPA,32.64,11,29.25,8.82,12.99,52.29,23.82,41.46,31.18,11,26.48,7.99,13.39,48.97,23.2,39.17,12.0,11,8.4,2.53,6.36,17.64,9.47,14.53,30.91,11,17.39,5.24,19.22,42.59,25.67,36.15,70.18,11,51.39,15.5,35.65,104.71,54.69,85.68,176.91,11,92.12,27.78,115.02,238.8,149.13,204.69,9.26,11,5.01,1.51,5.89,12.63,7.75,10.77,105.09,11,72.27,21.79,56.54,153.64,83.3,126.88,5.68,11,3.65,1.1,3.23,8.13,4.58,6.78,29,11,2.64,23.0,3.0,7.67,23.0,4.0,5.75,19.0,4.0,4.75
Summer 2018,Kookoos,21.67,3,11.37,6.57,0.0,49.92,15.1,28.23,23.0,3,10.54,6.08,0.0,49.17,16.92,29.08,26.0,3,4.58,2.65,14.62,37.38,23.35,28.65,42.33,3,21.2,12.24,0.0,94.99,30.09,54.57,112.33,3,12.5,7.22,81.27,143.39,105.11,119.55,225.33,3,45.79,26.43,111.6,339.07,198.9,251.77,18.55,3,10.04,5.79,0.0,43.48,12.76,24.34,131.67,3,13.65,7.88,97.76,165.58,123.79,139.55,11.63,3,5.0,2.89,0.0,24.06,8.74,14.52,31,3,10.33,19.0,1.0,19.0,16.0,1.0,16.0,22.0,1.0,22.0
Summer 2018,Lutoban North MPA,43.25,4,27.2,13.6,0.0,86.52,29.65,56.85,32.5,4,20.02,10.01,0.64,64.36,22.49,42.51,15.5,4,6.14,3.07,5.73,25.27,12.43,18.57,41.75,4,20.32,10.16,9.42,74.08,31.59,51.91,93.25,4,80.88,40.44,0.0,221.95,52.81,133.69,226.25,4,113.15,56.57,46.2,406.3,169.68,282.82,10.97,4,7.73,3.87,0.0,23.27,7.1,14.83,105.75,4,90.91,45.46,0.0,250.41,60.29,151.21,6.23,4,6.25,3.12,0.0,16.17,3.1,9.35,27,4,6.75,24.0,2.0,12.0,16.0,1.0,16.0,19.0,1.0,19.0
Summer 2018,Lutoban Pier,43.17,6,24.67,10.07,17.28,69.06,33.1,53.24,24.0,6,12.73,5.2,10.64,37.36,18.8,29.2,23.67,6,14.61,5.96,8.33,39.0,17.7,29.63,76.0,6,41.67,17.01,32.26,119.74,58.99,93.01,207.67,6,129.36,52.81,71.91,343.42,154.86,260.48,374.5,6,169.96,69.38,196.14,552.86,305.12,443.88,18.75,6,12.45,5.08,5.69,31.82,13.67,23.83,202.83,6,140.45,57.34,55.44,350.22,145.5,260.17,11.66,6,9.1,3.72,2.11,21.21,7.94,15.38,35,6,5.83,25.0,2.0,12.5,24.0,2.0,12.0,22.0,2.0,11.0
Summer 2018,Maluay Malatapay MPA,22.0,4,14.99,7.49,0.0,45.85,14.51,29.49,28.25,4,8.5,4.25,14.72,41.78,24.0,32.5,22.0,4,14.9,7.45,0.0,45.71,14.55,29.45,49.25,4,28.09,14.04,4.56,93.94,35.21,63.29,153.75,4,105.08,52.54,0.0,320.96,101.21,206.29,275.25,4,147.41,73.7,40.7,509.8,201.55,348.95,20.67,4,11.55,5.78,2.29,39.05,14.9,26.45,206.5,4,128.73,64.36,1.66,411.34,142.14,270.86,15.04,4,9.78,4.89,0.0,30.6,10.15,19.93,31,4,7.75,19.0,1.0,19.0,20.0,1.0,20.0,21.0,2.0,10.5
Summer 2018,Antulang,51.67,6,40.74,16.63,8.92,94.42,35.04,68.3,25.5,6,15.48,6.32,9.26,41.74,19.18,31.82,31.5,6,16.55,6.76,14.13,48.87,24.74,38.26,55.67,6,39.86,16.27,13.83,97.5,39.39,71.94,70.83,6,53.96,22.03,14.2,127.46,48.8,92.86,235.17,6,145.84,59.54,82.12,388.22,175.63,294.71,11.59,6,5.55,2.27,5.77,17.42,9.33,13.86,94.67,6,58.68,23.96,33.09,156.25,70.71,118.62,7.93,6,6.2,2.53,1.42,14.43,5.39,10.46,27,6,4.5,22.0,2.0,11.0,16.0,2.0,8.0,23.0,2.0,11.5
Summer 2018,Basak Can-Unsang MPA,25.0,8,16.25,5.74,11.42,38.58,19.26,30.74,29.38,8,22.35,7.9,10.69,48.06,21.47,37.28,10.0,8,6.02,2.13,4.96,15.04,7.87,12.13,41.75,8,32.83,11.61,14.31,69.19,30.14,53.36,65.62,8,70.36,24.88,6.8,124.45,40.75,90.5,171.75,8,135.59,47.94,58.4,285.1,123.81,219.69,16.65,8,10.18,3.6,8.13,25.16,13.05,20.25,108.12,8,99.89,35.32,24.61,191.64,72.81,143.44,13.51,8,9.71,3.43,5.39,21.63,10.08,16.94,36,8,4.5,26.0,3.0,8.67,19.0,1.0,19.0,31.0,4.0,7.75
Summer 2018,Andulay MPA,10.06,18,16.16,3.81,2.02,18.09,6.25,13.87,6.72,18,8.9,2.1,2.29,11.15,4.62,8.82,5.06,18,6.45,1.52,1.85,8.26,3.54,6.58,27.83,18,63.3,14.92,0.0,59.31,12.91,42.75,33.17,18,55.21,13.01,5.71,60.62,20.15,46.18,82.83,18,139.07,32.78,13.67,151.99,50.05,115.61,14.36,18,39.64,9.34,0.0,34.08,5.02,23.71,50.94,18,90.83,21.41,5.77,96.12,29.53,72.35,11.14,18,37.77,8.9,0.0,29.93,2.24,20.05,31,18,1.72,22.0,1.0,22.0,21.0,13.0,1.62,22.0,4.0,5.5
Autumn 2018,Andulay MPA,35.43,7,19.7,7.44,17.21,53.64,27.98,42.87,25.43,7,10.16,3.84,16.03,34.83,21.59,29.27,36.0,7,19.04,7.19,18.4,53.6,28.81,43.19,56.57,7,27.65,10.45,31.0,82.14,46.12,67.02,83.86,7,78.48,29.66,11.28,156.44,54.19,113.52,237.29,7,86.85,32.83,156.96,317.61,204.46,270.11,13.07,7,6.75,2.55,6.82,19.31,10.52,15.62,75.71,7,34.88,13.18,43.46,107.97,62.53,88.9,8.89,7,7.77,2.94,1.71,16.07,5.96,11.83,45,7,6.43,32.0,3.0,10.67,31.0,2.0,15.5,28.0,2.0,14.0
Autumn 2018,Antulang,80.25,4,27.96,13.98,35.76,124.74,66.27,94.23,65.75,4,34.04,17.02,11.58,119.92,48.73,82.77,59.5,4,20.76,10.38,26.47,92.53,49.12,69.88,46.0,4,18.28,9.14,16.92,75.08,36.86,55.14,199.0,4,138.33,69.17,0.0,419.11,129.83,268.17,450.5,4,190.38,95.19,147.56,753.44,355.31,545.69,23.05,4,16.34,8.17,0.0,49.05,14.88,31.22,236.0,4,178.46,89.23,0.0,519.96,146.77,325.23,15.41,4,13.75,6.87,0.0,37.28,8.53,22.28,40,4,10.0,28.0,2.0,14.0,26.0,1.0,26.0,28.0,1.0,28.0
Autumn 2018,Kookoos,30.43,7,15.74,5.95,15.88,44.98,24.48,36.38,36.86,7,25.06,9.47,13.68,60.04,27.38,46.33,25.71,7,13.2,4.99,13.51,37.92,20.73,30.7,42.43,7,52.05,19.67,0.0,90.57,22.75,62.1,228.57,7,302.88,114.48,0.0,508.69,114.09,343.05,364.0,7,369.62,139.7,22.16,705.84,224.3,503.7,17.3,7,22.19,8.39,0.0,37.82,8.92,25.69,244.71,7,321.8,121.63,0.0,542.33,123.09,366.34,13.35,7,20.41,7.71,0.0,32.22,5.63,21.06,40,7,5.71,25.0,2.0,12.5,27.0,2.0,13.5,29.0,3.0,9.67
Autumn 2018,Basak Can-Unsang MPA,37.43,7,15.88,6.0,22.74,52.12,31.43,43.43,57.29,7,21.75,8.22,37.17,77.4,49.06,65.51,13.71,7,7.06,2.67,7.18,20.25,11.04,16.38,225.86,7,245.65,92.85,0.0,453.05,133.01,318.71,454.14,7,482.82,182.49,7.61,900.67,271.65,636.63,788.43,7,722.83,273.21,119.92,1456.94,515.22,1061.63,111.12,7,171.39,64.78,0.0,269.63,46.33,175.9,617.0,7,662.25,250.31,4.52,1229.48,366.69,867.31,58.65,7,77.47,29.28,0.0,130.3,29.37,87.93,51,7,7.29,29.0,3.0,9.67,40.0,2.0,20.0,35.0,2.0,17.5
Autumn 2018,Lutoban Pier,34.0,7,24.17,9.14,11.64,56.36,24.86,43.14,14.0,7,3.79,1.43,10.5,17.5,12.57,15.43,21.14,7,8.15,3.08,13.6,28.68,18.06,24.22,85.14,7,92.66,35.02,0.0,170.84,50.12,120.16,166.43,7,134.25,50.74,42.26,290.59,115.69,217.17,320.71,7,209.21,79.07,127.23,514.2,241.64,399.79,17.0,7,16.89,6.38,1.38,32.62,10.62,23.38,147.57,7,149.83,56.63,9.0,286.14,90.94,204.2,7.15,7,8.35,3.16,0.0,14.88,3.99,10.31,34,7,4.86,21.0,2.0,10.5,26.0,3.0,8.67,28.0,2.0,14.0
Autumn 2018,Maluay Malatapay MPA,32.2,5,15.11,6.76,13.44,50.96,25.44,38.96,46.2,5,16.35,7.31,25.9,66.5,38.89,53.51,41.8,5,32.45,14.51,1.51,82.09,27.29,56.31,350.6,5,610.99,273.24,0.0,1109.24,77.36,623.84,320.8,5,447.79,200.26,0.0,876.8,120.54,521.06,791.6,5,1099.6,491.76,0.0,2156.94,299.84,1283.36,41.37,5,61.02,27.29,0.0,117.13,14.08,68.66,608.4,5,919.8,411.35,0.0,1750.48,197.05,1019.75,34.03,5,51.62,23.08,0.0,98.13,10.95,57.12,40,5,8.0,30.0,2.0,15.0,24.0,1.0,24.0,28.0,2.0,14.0
Autumn 2018,Lutoban North MPA,30.25,8,27.62,9.76,7.16,53.34,20.49,40.01,16.88,8,15.82,5.59,3.65,30.1,11.28,22.47,21.5,8,20.35,7.2,4.48,38.52,14.3,28.7,23.0,8,20.13,7.12,6.17,39.83,15.88,30.12,65.5,8,71.04,25.12,6.11,124.89,40.38,90.62,157.12,8,125.67,44.43,52.07,262.18,112.7,201.55,9.54,8,8.16,2.88,2.72,16.37,6.66,12.43,72.88,8,84.57,29.9,2.17,143.58,42.97,102.78,5.8,8,6.27,2.22,0.56,11.04,3.58,8.02,37,8,4.62,23.0,2.0,11.5,29.0,2.0,14.5,25.0,4.0,6.25
Autumn 2018,Guinsuan MPA,51.33,6,35.13,14.34,14.46,88.2,36.99,65.68,50.83,6,15.35,6.27,34.72,66.95,44.56,57.1,21.5,6,14.99,6.12,5.77,37.23,15.38,27.62,106.67,6,63.69,26.0,39.83,173.51,80.66,132.67,156.83,6,141.35,57.71,8.5,305.17,99.13,214.54,387.17,6,186.48,76.13,191.46,582.87,311.03,463.3,22.51,6,18.81,7.68,2.77,42.24,14.83,30.19,248.33,6,176.98,72.25,62.6,434.07,176.08,320.59,15.61,6,14.18,5.79,0.73,30.49,9.82,21.4,37,6,6.17,31.0,2.0,15.5,23.0,2.0,11.5,18.0,2.0,9.0
Winter 18/19,Andulay MPA,40.83,6,33.84,13.81,5.32,76.34,27.02,54.65,20.83,6,10.11,4.13,10.23,31.44,16.71,24.96,35.5,6,18.52,7.56,16.06,54.94,27.94,43.06,61.17,6,39.94,16.3,19.26,103.08,44.86,77.47,134.33,6,142.19,58.05,0.0,283.55,76.29,192.38,292.67,6,186.36,76.08,97.1,488.24,216.59,368.75,20.56,6,11.23,4.58,8.78,32.34,15.98,25.14,120.5,6,52.93,21.61,64.96,176.04,98.89,142.11,16.79,6,11.23,4.58,5.0,28.57,12.2,21.37,44,6,7.33,29.0,2.0,14.5,26.0,2.0,13.0,31.0,2.0,15.5
Winter 18/19,Antulang,81.0,3,27.87,16.09,11.76,150.24,64.91,97.09,48.33,3,0.58,0.33,46.9,49.77,48.0,48.67,65.67,3,26.31,15.19,0.3,131.03,50.48,80.86,325.33,3,454.38,262.34,0.0,1454.07,63.0,587.67,386.67,3,215.57,124.46,0.0,922.17,262.21,511.13,907.0,3,254.18,146.75,275.57,1538.43,760.25,1053.75,67.66,3,64.09,37.0,0.0,226.86,30.65,104.66,596.67,3,385.38,222.5,0.0,1553.99,374.17,819.16,60.79,3,66.27,38.26,0.0,225.41,22.53,99.05,38,3,12.67,21.0,1.0,21.0,29.0,1.0,29.0,29.0,1.0,29.0
Winter 18/19,Basak Can-Unsang MPA,42.67,6,19.22,7.85,22.49,62.84,34.82,50.51,33.17,6,13.61,5.56,18.88,47.45,27.61,38.72,14.5,6,5.75,2.35,8.46,20.54,12.15,16.85,201.0,6,150.05,61.26,43.53,358.47,139.74,262.26,486.5,6,347.34,141.8,121.99,851.01,344.7,628.3,777.83,6,481.14,196.43,272.9,1282.76,581.41,974.26,83.34,6,85.68,34.98,0.0,173.25,48.36,118.32,651.5,6,442.37,180.59,187.27,1115.73,470.91,832.09,45.44,6,30.79,12.57,13.13,77.75,32.87,58.01,46,6,7.67,28.0,2.0,14.0,37.0,2.0,18.5,32.0,2.0,16.0
Winter 18/19,Guinsuan MPA,53.0,6,26.42,10.79,25.27,80.73,42.21,63.79,60.67,6,29.95,12.23,29.23,92.1,48.44,72.89,30.17,6,18.38,7.5,10.88,49.45,22.66,37.67,85.0,6,56.38,23.02,25.84,144.16,61.98,108.02,231.5,6,240.33,98.12,0.0,483.71,133.38,329.62,460.33,6,293.58,119.85,152.24,768.42,340.48,580.19,21.19,6,13.99,5.71,6.51,35.88,15.48,26.9,306.83,6,224.97,91.84,70.75,542.92,214.99,398.68,14.77,6,9.8,4.0,4.49,25.05,10.77,18.77,34,6,5.67,26.0,2.0,13.0,28.0,2.0,14.0,20.0,2.0,10.0
Winter 18/19,Lutoban North MPA,26.0,7,14.74,5.57,12.37,39.63,20.43,31.57,23.43,7,12.03,4.55,12.31,34.55,18.88,27.97,20.14,7,2.91,1.1,17.45,22.84,19.04,21.24,49.29,7,75.24,28.44,0.0,118.87,20.85,77.72,59.57,7,55.42,20.95,8.31,110.83,38.62,80.52,178.43,7,73.93,27.94,110.05,246.8,150.49,206.37,12.92,7,10.82,4.09,2.92,22.92,8.83,17.01,99.29,7,78.44,29.65,26.74,171.83,69.64,128.93,9.75,7,11.29,4.27,0.0,20.19,5.49,14.02,34,7,4.86,22.0,2.0,11.0,25.0,2.0,12.5,22.0,3.0,7.33
Winter 18/19,Kookoos,28.33,6,11.22,4.58,16.56,40.11,23.75,32.91,32.33,6,20.59,8.41,10.73,53.94,23.93,40.74,19.17,6,6.05,2.47,12.82,25.51,16.7,21.64,18.17,6,9.3,3.8,8.4,27.93,14.37,21.97,67.0,6,30.85,12.6,34.62,99.38,54.4,79.6,165.0,6,54.88,22.4,107.41,222.59,142.6,187.4,8.11,6,3.03,1.24,4.94,11.29,6.88,9.35,59.33,6,21.43,8.75,36.85,81.82,50.59,68.08,3.54,6,1.4,0.57,2.07,5.01,2.96,4.11,35,6,5.83,21.0,2.0,10.5,20.0,2.0,10.0,24.0,2.0,12.0
Winter 18/19,Maluay Malatapay MPA,33.17,6,14.41,5.88,18.04,48.29,27.28,39.05,31.5,6,10.33,4.22,20.66,42.34,27.28,35.72,17.83,6,12.32,5.03,4.9,30.76,12.8,22.86,107.33,6,214.74,87.67,0.0,332.69,19.67,195.0,173.5,6,145.59,59.44,20.71,326.29,114.06,232.94,363.33,6,344.22,140.53,2.1,724.57,222.81,503.86,31.79,6,29.11,11.88,1.25,62.34,19.91,43.68,281.0,6,329.97,134.71,0.0,627.28,146.29,415.71,29.22,6,29.07,11.87,0.0,59.72,17.35,41.09,42,6,7.0,26.0,2.0,13.0,30.0,2.0,15.0,26.0,2.0,13.0
Winter 18/19,Lutoban Pier,19.29,7,10.72,4.05,9.37,29.2,15.23,23.34,17.0,7,8.62,3.26,9.03,24.97,13.74,20.26,14.86,7,11.44,4.32,4.28,25.43,10.53,19.18,98.71,7,138.97,52.53,0.0,227.24,46.19,151.24,92.71,7,120.28,45.46,0.0,203.95,47.25,138.17,242.57,7,231.0,87.31,28.93,456.21,155.26,329.88,12.74,7,16.51,6.24,0.0,28.01,6.5,18.98,101.29,7,128.23,48.47,0.0,219.88,52.82,149.75,3.5,7,4.04,1.53,0.0,7.24,1.97,5.03,30,7,4.29,17.0,3.0,5.67,17.0,2.0,8.5,25.0,2.0,12.5
Spring 2019,Lutoban Pier,17.82,11,16.07,4.84,7.02,28.61,12.97,22.66,8.82,11,7.99,2.41,3.45,14.18,6.41,11.23,13.18,11,15.86,4.78,2.53,23.84,8.4,17.96,58.64,11,76.01,22.92,7.57,109.7,35.72,81.55,210.36,11,377.27,113.75,0.0,463.81,96.61,324.11,308.82,11,407.93,122.99,34.77,582.87,185.82,431.81,12.3,11,13.44,4.05,3.27,21.33,8.25,16.35,216.64,11,375.59,113.25,0.0,468.96,103.39,329.88,8.74,11,12.01,3.62,0.67,16.8,5.12,12.36,37,11,3.36,27.0,3.0,9.0,27.0,6.0,4.5,27.0,2.0,13.5
Spring 2019,Guinsuan MPA,49.62,8,31.9,11.28,22.95,76.3,38.35,60.9,49.75,8,36.94,13.06,18.87,80.63,36.69,62.81,25.75,8,26.03,9.2,3.99,47.51,16.55,34.95,48.38,8,31.83,11.25,21.77,74.98,37.12,59.63,194.88,8,334.56,118.29,0.0,474.58,76.59,313.16,368.38,8,423.33,149.67,14.47,722.28,218.71,518.04,13.15,8,17.07,6.03,0.0,27.42,7.12,19.19,244.75,8,362.04,128.0,0.0,547.43,116.75,372.75,9.88,8,14.81,5.23,0.0,22.26,4.65,15.12,36,8,4.5,19.0,2.0,9.5,33.0,3.0,11.0,25.0,3.0,8.33
Spring 2019,Kookoos,22.83,12,9.54,2.75,16.77,28.9,20.08,25.59,13.83,12,6.91,2.0,9.44,18.23,11.84,15.83,11.5,12,5.05,1.46,8.29,14.71,10.04,12.96,24.08,12,16.66,4.81,13.49,34.67,19.27,28.89,74.5,12,53.43,15.42,40.55,108.45,59.08,89.92,146.75,12,55.33,15.97,111.59,181.91,130.78,162.72,5.22,12,1.98,0.57,3.97,6.48,4.65,5.8,63.33,12,50.44,14.56,31.28,95.38,48.77,77.89,2.67,12,1.45,0.42,1.75,3.59,2.25,3.09,41,12,3.42,27.0,4.0,6.75,27.0,4.0,6.75,26.0,4.0,6.5
Spring 2019,Lutoban North MPA,25.73,11,11.85,3.57,17.77,33.69,22.15,29.3,23.55,11,12.27,3.7,15.3,31.79,19.84,27.25,9.91,11,4.91,1.48,6.61,13.21,8.43,11.39,29.45,11,19.02,5.74,16.67,42.23,23.72,35.19,73.09,11,71.06,21.42,25.35,120.83,51.67,94.52,161.73,11,85.61,25.81,104.21,219.24,135.91,187.54,6.22,11,6.06,1.83,2.15,10.29,4.39,8.05,78.55,11,73.87,22.27,28.92,128.18,56.27,100.82,4.29,11,5.33,1.61,0.71,7.87,2.68,5.9,39,11,3.55,30.0,4.0,7.5,27.0,4.0,6.75,23.0,3.0,7.67
Spring 2019,Salag MPA,30.0,8,19.93,7.05,13.34,46.66,22.95,37.05,36.5,8,17.53,6.2,21.85,51.15,30.3,42.7,9.25,8,4.56,1.61,5.44,13.06,7.64,10.86,58.0,8,49.14,17.37,16.92,99.08,40.63,75.37,153.88,8,112.23,39.68,60.05,247.7,114.19,193.56,287.62,8,124.65,44.07,183.42,391.83,243.56,331.69,20.58,8,19.27,6.81,4.47,36.7,13.77,27.4,138.88,8,104.19,36.84,51.77,225.98,102.04,175.71,8.84,8,8.81,3.11,1.48,16.21,5.73,11.96,49,8,6.12,32.0,3.0,10.67,41.0,3.0,13.67,23.0,2.0,11.5
Spring 2019,Dalakit MPA,66.0,1,,,,,,,94.0,1,,,,,,,63.0,1,,,,,,,175.0,1,,,,,,,205.0,1,,,,,,,603.0,1,,,,,,,44.59,1,,,,,,,199.0,1,,,,,,,24.02,1,,,,,,,33,1,33.0,33.0,1.0,33.0,,,,,,
Spring 2019,Basak Can-Unsang MPA,25.6,10,12.55,3.97,16.63,34.57,21.63,29.57,35.6,10,36.91,11.67,9.19,62.01,23.93,47.27,11.7,10,10.53,3.33,4.17,19.23,8.37,15.03,81.9,10,42.49,13.44,51.51,112.29,68.46,95.34,231.8,10,336.77,106.49,0.0,472.71,125.31,338.29,386.6,10,337.97,106.88,144.83,628.37,279.72,493.48,24.89,10,18.8,5.95,11.44,38.34,18.95,30.84,303.4,10,349.29,110.45,53.54,553.26,192.95,413.85,18.05,10,20.15,6.37,3.63,32.46,11.67,24.42,51,10,5.1,34.0,3.0,11.33,35.0,3.0,11.67,30.0,4.0,7.5
Spring 2019,Maluay Malatapay MPA,14.5,10,9.63,3.05,7.61,21.39,11.45,17.55,16.9,10,14.39,4.55,6.6,27.2,12.35,21.45,13.3,10,8.25,2.61,7.4,19.2,10.69,15.91,124.2,10,233.27,73.77,0.0,291.07,50.43,197.97,276.3,10,371.94,117.62,10.23,542.37,158.68,393.92,445.2,10,566.43,179.12,40.0,850.4,266.08,624.32,10.57,10,16.5,5.22,0.0,22.37,5.35,15.79,375.4,10,582.94,184.34,0.0,792.41,191.06,559.74,9.1,10,16.68,5.28,0.0,21.03,3.82,14.38,48,10,4.8,31.0,4.0,7.75,34.0,3.0,11.33,28.0,3.0,9.33
Spring 2019,Andulay MPA,55.67,6,25.22,10.29,29.2,82.13,45.37,65.96,36.33,6,13.94,5.69,21.71,50.96,30.64,42.02,47.5,6,14.02,5.73,32.78,62.22,41.77,53.23,76.33,6,19.52,7.97,55.85,96.82,68.36,84.3,292.67,6,212.14,86.6,70.04,515.29,206.06,379.27,508.5,6,244.38,99.77,252.04,764.96,408.73,608.27,25.38,6,15.91,6.49,8.69,42.07,18.89,31.87,245.33,6,186.85,76.28,49.25,441.42,169.05,321.61,18.11,6,11.91,4.86,5.61,30.61,13.25,22.97,41,6,6.83,27.0,2.0,13.5,29.0,2.0,14.5,32.0,2.0,16.0
Spring 2019,Antulang,39.62,8,30.74,10.87,13.92,65.33,28.76,50.49,31.12,8,14.94,5.28,18.63,43.62,25.84,36.41,25.75,8,21.92,7.75,7.42,44.08,18.0,33.5,39.75,8,47.49,16.79,0.04,79.46,22.96,56.54,309.25,8,326.51,115.44,36.28,582.22,193.81,424.69,445.5,8,365.05,129.07,140.31,750.69,316.43,574.57,14.46,8,14.59,5.16,2.26,26.65,9.3,19.62,268.38,8,316.33,111.84,3.92,532.83,156.54,380.21,10.97,8,14.09,4.98,0.0,22.75,5.99,15.96,44,8,5.5,28.0,2.0,14.0,33.0,3.0,11.0,27.0,3.0,9.0
Summer 2019,Kookoos,47.62,8,9.72,3.44,39.5,55.75,44.19,51.06,34.12,8,13.42,4.75,22.9,45.35,29.38,38.87,36.25,8,14.1,4.98,24.46,48.04,31.27,41.23,65.75,8,42.52,15.03,30.2,101.3,50.72,80.78,338.62,8,436.06,154.17,0.0,703.18,184.45,492.8,522.38,8,471.92,166.85,127.84,916.91,355.53,689.22,24.58,8,27.02,9.55,1.99,47.17,15.03,34.14,337.5,8,460.72,162.89,0.0,722.67,174.61,500.39,17.75,8,25.46,9.0,0.0,39.03,8.74,26.75,41,8,5.12,24.0,3.0,8.0,33.0,2.0,16.5,30.0,3.0,10.0
Summer 2019,Guinsuan MPA,44.5,8,30.79,10.89,18.76,70.24,33.61,55.39,34.62,8,25.3,8.94,13.48,55.77,25.68,43.57,22.0,8,15.66,5.54,8.91,35.09,16.46,27.54,62.0,8,40.04,14.16,28.52,95.48,47.84,76.16,50.25,8,45.86,16.21,11.91,88.59,34.04,66.46,213.38,8,97.88,34.61,131.55,295.2,178.77,247.98,11.64,8,10.32,3.65,3.01,20.26,7.99,15.29,93.75,8,60.85,21.51,42.88,144.62,72.24,115.26,8.31,8,8.78,3.11,0.97,15.66,5.21,11.42,46,8,5.75,20.0,1.0,20.0,37.0,4.0,9.25,27.0,3.0,9.0
Summer 2019,Dalakit MPA,52.0,2,0.0,0.0,52.0,52.0,52.0,52.0,83.0,2,0.0,0.0,83.0,83.0,83.0,83.0,52.0,2,0.0,0.0,52.0,52.0,52.0,52.0,225.0,2,0.0,0.0,225.0,225.0,225.0,225.0,205.0,2,0.0,0.0,205.0,205.0,205.0,205.0,617.0,2,0.0,0.0,617.0,617.0,617.0,617.0,58.93,2,0.0,0.0,58.93,58.93,58.93,58.93,147.0,2,0.0,0.0,147.0,147.0,147.0,147.0,27.46,2,0.0,0.0,27.46,27.46,27.46,27.46,29,2,14.5,29.0,2.0,14.5,,,,,,
Summer 2019,Lutoban North MPA,42.57,7,17.05,6.44,26.81,58.34,36.13,49.01,40.71,7,20.77,7.85,21.51,59.92,32.87,48.56,19.71,7,4.15,1.57,15.87,23.55,18.15,21.28,35.29,7,9.2,3.48,26.78,43.79,31.81,38.76,159.71,7,168.56,63.71,3.82,315.61,96.0,223.42,298.0,7,164.93,62.34,145.47,450.53,235.66,360.34,11.6,7,8.76,3.31,3.51,19.7,8.29,14.91,170.86,7,168.54,63.7,14.98,326.73,107.15,234.56,7.45,7,6.62,2.5,1.33,13.58,4.95,9.96,39,7,5.57,26.0,3.0,8.67,30.0,2.0,15.0,22.0,2.0,11.0
Summer 2019,Lutoban Pier,24.0,8,17.56,6.21,9.32,38.68,17.79,30.21,19.0,8,24.26,8.58,0.0,39.28,10.42,27.58,18.38,8,7.19,2.54,12.36,24.39,15.83,20.92,88.5,8,48.52,17.15,47.94,129.06,71.35,105.65,190.5,8,205.97,72.82,18.3,362.7,117.68,263.32,340.38,8,266.44,94.2,117.62,563.13,246.17,434.58,18.86,8,14.21,5.02,6.98,30.74,13.84,23.89,217.5,8,213.1,75.34,39.35,395.65,142.16,292.84,12.38,8,12.95,4.58,1.55,23.2,7.8,16.95,39,8,4.88,25.0,3.0,8.33,28.0,2.0,14.0,26.0,3.0,8.67
Summer 2019,Salag MPA,40.67,6,20.73,8.46,18.91,62.42,32.2,49.13,29.33,6,14.09,5.75,14.54,44.13,23.58,35.09,12.83,6,6.97,2.85,5.52,20.15,9.99,15.68,40.5,6,24.87,10.15,14.4,66.6,30.35,50.65,224.5,6,177.93,72.64,37.78,411.22,151.86,297.14,347.83,6,226.05,92.29,110.6,585.06,255.55,440.12,20.77,6,15.37,6.27,4.64,36.9,14.49,27.04,212.5,6,179.06,73.1,24.59,400.41,139.4,285.6,11.23,6,9.02,3.68,1.77,20.7,7.55,14.91,38,6,6.33,26.0,2.0,13.0,28.0,2.0,14.0,25.0,2.0,12.5
Summer 2019,Basak Can-Unsang MPA,49.67,6,19.16,7.82,29.56,69.77,41.85,57.49,56.67,6,35.86,14.64,19.03,94.3,42.03,71.31,24.0,6,18.29,7.47,4.81,43.19,16.53,31.47,324.33,6,237.84,97.1,74.73,573.93,227.23,421.43,879.33,6,563.19,229.92,288.3,1470.36,649.41,1109.25,1334.0,6,796.06,324.99,498.58,2169.42,1009.01,1658.99,130.4,6,94.89,38.74,30.81,229.99,91.66,169.14,978.0,6,751.27,306.7,189.59,1766.41,671.3,1284.7,71.99,6,53.19,21.71,16.18,127.81,50.28,93.71,54,6,9.0,31.0,2.0,15.5,45.0,2.0,22.5,36.0,2.0,18.0
Summer 2019,Antulang,38.0,8,13.27,4.69,26.91,49.09,33.31,42.69,25.75,8,13.95,4.93,14.09,37.41,20.82,30.68,30.38,8,13.66,4.83,18.96,41.79,25.55,35.2,38.62,8,26.99,9.54,16.06,61.19,29.08,48.17,332.88,8,273.29,96.62,104.4,561.35,236.25,429.5,465.62,8,322.57,114.04,195.95,735.3,351.58,579.67,14.16,8,12.32,4.36,3.86,24.46,9.81,18.52,239.38,8,245.55,86.82,34.09,444.66,152.56,326.19,10.25,8,10.57,3.74,1.41,19.09,6.51,13.99,39,8,4.88,23.0,4.0,5.75,24.0,2.0,12.0,31.0,2.0,15.5
Summer 2019,Andulay MPA,40.22,9,33.77,11.26,14.26,66.18,28.96,51.48,28.89,9,19.9,6.63,13.59,44.19,22.25,35.52,45.22,9,30.58,10.19,21.72,68.73,35.03,55.42,60.33,9,56.47,18.82,16.92,103.74,41.51,79.16,184.89,9,150.97,50.32,68.84,300.94,134.57,235.21,359.56,9,236.35,78.78,177.88,541.23,280.77,438.34,14.33,9,12.51,4.17,4.72,23.94,10.16,18.5,145.0,9,153.43,51.14,27.06,262.94,93.86,196.14,9.16,9,10.3,3.43,1.24,17.08,5.73,12.59,48,9,5.33,34.0,2.0,17.0,35.0,4.0,8.75,31.0,3.0,10.33
Summer 2019,Maluay Malatapay MPA,29.0,7,19.29,7.29,11.16,46.84,21.71,36.29,35.43,7,14.68,5.55,21.85,49.01,29.88,40.98,42.43,7,10.44,3.95,32.78,52.08,38.48,46.37,36.86,7,10.17,3.84,27.45,46.26,33.01,40.7,368.0,7,323.7,122.35,68.63,667.37,245.65,490.35,511.71,7,337.7,127.64,199.39,824.04,384.07,639.35,18.61,7,14.87,5.62,4.85,32.36,12.99,24.23,356.71,7,350.0,132.29,33.01,680.41,224.42,489.0,15.34,7,15.46,5.84,1.04,29.63,9.5,21.18,42,7,6.0,28.0,2.0,14.0,32.0,3.0,10.67,28.0,2.0,14.0
Autumn 2019,Andulay MPA,23.7,10,20.09,6.35,9.33,38.07,17.35,30.05,19.7,10,13.7,4.33,9.9,29.5,15.37,24.03,17.0,10,9.9,3.13,9.92,24.08,13.87,20.13,39.8,10,34.55,10.93,15.08,64.52,28.87,50.73,85.6,10,154.71,48.92,0.0,196.27,36.68,134.52,185.8,10,173.34,54.82,61.8,309.8,130.98,240.62,3.59,10,1.71,0.54,2.36,4.81,3.05,4.13,82.8,10,155.8,49.27,0.0,194.25,33.53,132.07,1.95,10,1.34,0.42,0.99,2.9,1.52,2.37,36,10,3.6,26.0,3.0,8.67,24.0,4.0,6.0,27.0,3.0,9.0
Autumn 2019,Antulang,22.22,9,12.78,4.26,12.4,32.05,17.96,26.48,25.22,9,11.39,3.8,16.47,33.98,21.43,29.02,18.11,9,12.86,4.29,8.23,28.0,13.82,22.4,25.11,9,28.27,9.42,3.38,46.84,15.69,34.53,63.11,9,81.08,27.03,0.78,125.44,36.08,90.14,153.78,9,128.03,42.68,55.37,252.19,111.1,196.45,3.25,9,3.66,1.22,0.44,6.06,2.03,4.47,74.11,9,77.77,25.92,14.33,133.89,48.19,100.03,1.95,9,2.43,0.81,0.08,3.82,1.14,2.76,32,9,3.56,18.0,3.0,6.0,21.0,3.0,7.0,25.0,3.0,8.33
Autumn 2019,Basak Can-Unsang MPA,26.33,9,24.78,8.26,7.29,45.38,18.07,34.59,38.78,9,32.01,10.67,14.17,63.38,28.11,49.45,11.0,9,8.87,2.96,4.18,17.82,8.04,13.96,48.44,9,58.91,19.64,3.16,93.73,28.81,68.08,45.11,9,52.48,17.49,4.77,85.45,27.62,62.61,169.67,9,155.71,51.9,49.98,289.36,117.76,221.57,9.89,9,15.37,5.12,0.0,21.71,4.77,15.02,87.0,9,79.06,26.35,26.23,147.77,60.65,113.35,3.86,9,4.05,1.35,0.74,6.98,2.51,5.21,44,9,4.89,28.0,3.0,9.33,30.0,3.0,10.0,37.0,3.0,12.33
Autumn 2019,Dalakit MPA,15.33,3,13.87,8.01,0.0,49.78,7.33,23.34,54.67,3,27.02,15.6,0.0,121.8,39.06,70.27,9.33,3,8.33,4.81,0.0,30.02,4.53,14.14,30.33,3,6.11,3.53,15.16,45.51,26.81,33.86,130.33,3,114.86,66.31,0.0,415.66,64.02,196.65,240.0,3,129.94,75.02,0.0,562.78,164.98,315.02,7.74,3,1.35,0.78,4.4,11.08,6.96,8.51,146.33,3,80.53,46.49,0.0,346.37,99.84,192.82,2.92,3,0.05,0.03,2.8,3.04,2.89,2.95,27,3,9.0,27.0,3.0,9.0,,,,,,
Autumn 2019,Guinsuan MPA,29.0,10,33.87,10.71,4.77,53.23,18.29,39.71,63.5,10,55.02,17.4,24.14,102.86,46.1,80.9,17.9,10,15.91,5.03,6.52,29.28,12.87,22.93,20.8,10,16.42,5.19,9.05,32.55,15.61,25.99,64.8,10,75.65,23.92,10.69,118.91,40.88,88.72,196.0,10,146.42,46.3,91.26,300.74,149.7,242.3,3.84,10,3.89,1.23,1.06,6.62,2.61,5.07,91.4,10,83.32,26.35,31.8,151.0,65.05,117.75,2.14,10,3.53,1.12,0.0,4.67,1.03,3.26,38,10,3.8,23.0,2.0,11.5,31.0,3.0,10.33,31.0,5.0,6.2
Autumn 2019,Lutoban South MPA,47.6,5,12.66,5.66,31.88,63.32,41.94,53.26,46.6,5,39.4,17.62,0.0,95.52,28.98,64.22,32.4,5,13.87,6.2,15.18,49.62,26.2,38.6,24.4,5,15.37,6.87,5.31,43.49,17.53,31.27,142.0,5,106.09,47.44,10.28,273.72,94.56,189.44,293.0,5,87.62,39.18,184.21,401.79,253.82,332.18,8.49,5,7.06,3.16,0.0,17.26,5.33,11.65,157.4,5,93.87,41.98,40.84,273.96,115.42,199.38,6.16,5,6.36,2.84,0.0,14.05,3.32,9.0,32,5,6.4,17.0,1.0,17.0,24.0,2.0,12.0,26.0,2.0,13.0
Autumn 2019,Kookoos,28.7,10,8.78,2.78,22.42,34.98,25.92,31.48,20.9,10,8.92,2.82,14.52,27.28,18.08,23.72,18.3,10,6.55,2.07,13.61,22.99,16.23,20.37,23.2,10,11.06,3.5,15.29,31.11,19.7,26.7,114.2,10,80.4,25.43,56.68,171.72,88.77,139.63,205.3,10,81.72,25.84,146.84,263.76,179.46,231.14,4.99,10,2.11,0.67,3.47,6.5,4.32,5.65,74.8,10,46.85,14.82,41.29,108.31,59.98,89.62,2.32,10,2.19,0.69,0.75,3.89,1.62,3.01,37,10,3.7,23.0,3.0,7.67,29.0,4.0,7.25,28.0,3.0,9.33
Autumn 2019,Lutoban Pier,36.0,6,17.85,7.29,17.26,54.74,28.71,43.29,27.33,6,9.31,3.8,17.56,37.1,23.53,31.13,25.83,6,8.61,3.52,16.8,34.87,22.32,29.35,80.83,6,98.53,40.23,0.0,184.24,40.61,121.06,208.0,6,227.72,92.97,0.0,446.98,115.03,300.97,378.0,6,207.88,84.87,159.84,596.16,293.13,462.87,21.91,6,20.58,8.4,0.31,43.5,13.5,30.31,205.0,6,237.09,96.79,0.0,453.82,108.21,301.79,11.15,6,14.44,5.9,0.0,26.31,5.26,17.05,32,6,5.33,23.0,2.0,11.5,26.0,2.0,13.0,25.0,2.0,12.5
Autumn 2019,Lutoban North MPA,23.19,16,8.05,2.01,18.9,27.48,21.17,25.2,26.81,16,25.63,6.41,13.16,40.47,20.41,33.22,14.19,16,9.37,2.34,9.2,19.18,11.85,16.53,18.38,16,12.97,3.24,11.46,25.29,15.13,21.62,90.0,16,123.42,30.86,24.23,155.77,59.14,120.86,172.56,16,142.31,35.58,96.73,248.4,136.98,208.14,5.31,16,5.55,1.39,2.35,8.27,3.92,6.7,83.5,16,91.6,22.9,34.69,132.31,60.6,106.4,3.59,16,4.87,1.22,1.0,6.19,2.38,4.81,39,16,2.44,27.0,6.0,4.5,33.0,6.0,5.5,25.0,4.0,6.25
Autumn 2019,Salag MPA,8.08,12,5.78,1.67,4.41,11.75,6.42,9.75,23.92,12,10.0,2.89,17.57,30.27,21.03,26.8,3.67,12,2.02,0.58,2.39,4.95,3.08,4.25,15.25,12,11.69,3.37,7.82,22.68,11.88,18.62,42.67,12,35.07,10.12,20.39,64.95,32.54,52.79,93.58,12,47.3,13.65,63.53,123.64,79.93,107.24,4.26,12,2.98,0.86,2.37,6.16,3.4,5.13,42.67,12,33.7,9.73,21.25,64.08,32.94,52.4,2.53,12,2.03,0.59,1.24,3.82,1.95,3.12,35,12,2.92,21.0,3.0,7.0,30.0,5.0,6.0,25.0,4.0,6.25
Autumn 2019,Maluay Malatapay MPA,9.6,20,12.1,2.71,3.94,15.26,6.89,12.31,19.85,20,20.25,4.53,10.37,29.33,15.32,24.38,11.55,20,12.03,2.69,5.92,17.18,8.86,14.24,13.25,20,19.51,4.36,4.12,22.38,8.89,17.61,163.2,20,289.77,64.79,27.58,298.82,98.41,227.99,217.45,20,324.39,72.53,65.63,369.27,144.92,289.98,5.23,20,8.44,1.89,1.28,9.18,3.34,7.12,136.3,20,201.1,44.97,42.18,230.42,91.33,181.27,4.24,20,8.07,1.8,0.46,8.02,2.43,6.04,37,20,1.85,28.0,4.0,7.0,31.0,6.0,5.17,27.0,10.0,2.7
Winter 19/20,Andulay MPA,43.43,7,30.97,11.71,14.78,72.07,31.72,55.14,22.86,7,7.67,2.9,15.76,29.95,19.96,25.76,42.71,7,13.43,5.07,30.3,55.13,37.64,47.79,75.57,7,21.99,8.31,55.23,95.91,67.26,83.88,223.14,7,144.93,54.78,89.11,357.18,168.37,277.92,407.71,7,155.22,58.67,264.16,551.27,349.05,466.38,18.81,7,6.41,2.42,12.88,24.74,16.39,21.23,157.57,7,133.38,50.41,34.21,280.93,107.16,207.99,11.14,7,5.23,1.98,6.3,15.98,9.17,13.12,52,7,7.43,33.0,2.0,16.5,42.0,3.0,14.0,35.0,2.0,17.5
Winter 19/20,Salag MPA,22.33,6,9.81,4.01,12.04,32.63,18.33,26.34,31.17,6,7.08,2.89,23.73,38.6,28.28,34.06,14.83,6,9.04,3.69,5.34,24.32,11.14,18.52,25.83,6,13.27,5.42,11.9,39.76,20.41,31.25,97.67,6,53.47,21.83,41.56,153.78,75.84,119.49,191.83,6,62.35,25.45,126.4,257.26,166.38,217.29,12.73,6,6.63,2.71,5.78,19.69,10.03,15.44,97.17,6,66.72,27.24,27.15,167.19,69.93,124.41,7.71,6,6.76,2.76,0.61,14.81,4.95,10.47,32,6,5.33,24.0,2.0,12.0,27.0,2.0,13.5,23.0,2.0,11.5
Winter 19/20,Maluay Malatapay MPA,19.58,12,16.0,4.62,9.42,29.75,14.97,24.2,45.33,12,28.4,8.2,27.29,63.38,37.13,53.53,22.83,12,13.86,4.0,14.03,31.64,18.83,26.83,90.58,12,165.22,47.69,0.0,195.56,42.89,138.28,199.75,12,183.34,52.93,83.26,316.24,146.82,252.68,378.08,12,243.06,70.17,223.65,532.52,307.92,448.25,14.06,12,15.5,4.48,4.21,23.91,9.58,18.53,264.83,12,244.96,70.72,109.19,420.48,194.12,335.55,11.82,12,15.54,4.49,1.95,21.69,7.33,16.3,44,12,3.67,39.0,5.0,7.8,32.0,4.0,8.0,24.0,3.0,8.0
Winter 19/20,Lutoban South MPA,42.33,3,8.96,5.17,20.07,64.6,37.16,47.51,38.33,3,4.04,2.33,28.29,48.37,36.0,40.67,31.67,3,11.55,6.67,2.98,60.35,25.0,38.33,20.67,3,4.51,2.6,9.47,31.87,18.06,23.27,114.67,3,65.07,37.57,0.0,276.31,77.1,152.24,247.67,3,57.52,33.21,104.78,390.55,214.46,280.87,11.13,3,6.01,3.47,0.0,26.05,7.66,14.6,111.67,3,78.95,45.58,0.0,307.78,66.09,157.25,6.87,3,6.24,3.6,0.0,22.37,3.26,10.47,27,3,9.0,19.0,1.0,19.0,23.0,1.0,23.0,21.0,1.0,21.0
Winter 19/20,Lutoban Pier,24.7,10,13.0,4.11,15.4,34.0,20.59,28.81,24.3,10,11.77,3.72,15.88,32.72,20.58,28.02,17.7,10,11.6,3.67,9.41,25.99,14.03,21.37,53.2,10,37.06,11.72,26.69,79.71,41.48,64.92,110.1,10,121.51,38.42,23.18,197.02,71.68,148.52,230.0,10,137.14,43.37,131.89,328.11,186.63,273.37,6.0,10,4.41,1.39,2.85,9.16,4.61,7.4,106.0,10,127.68,40.38,14.66,197.34,65.62,146.38,3.12,10,3.54,1.12,0.59,5.65,2.0,4.24,39,10,3.9,28.0,3.0,9.33,31.0,4.0,7.75,23.0,3.0,7.67
Winter 19/20,Lutoban North MPA,29.71,7,12.67,4.79,17.99,41.43,24.92,34.5,28.71,7,10.8,4.08,18.73,38.7,24.63,32.8,19.71,7,10.11,3.82,10.36,29.07,15.89,23.54,31.86,7,22.47,8.49,11.08,52.64,23.37,40.35,417.86,7,473.57,178.99,0.0,855.84,238.86,596.85,527.86,7,488.38,184.59,76.18,979.53,343.27,712.45,22.13,7,30.82,11.65,0.0,50.63,10.48,33.78,349.57,7,508.99,192.38,0.0,820.31,157.19,541.95,18.83,7,31.11,11.76,0.0,47.61,7.07,30.59,34,7,4.86,27.0,3.0,9.0,26.0,2.0,13.0,25.0,2.0,12.5
Winter 19/20,Basak Can-Unsang MPA,29.88,8,15.02,5.31,17.32,42.43,24.57,35.18,42.12,8,19.35,6.84,25.95,58.3,35.28,48.97,6.25,8,4.23,1.5,2.71,9.79,4.75,7.75,70.0,8,34.71,12.27,40.98,99.02,57.73,82.27,231.88,8,173.44,61.32,86.87,376.88,170.55,293.2,380.12,8,160.83,56.86,245.67,514.58,323.26,436.99,32.21,8,24.16,8.54,12.01,52.41,23.67,40.75,285.25,8,171.04,60.47,142.26,428.24,224.78,345.72,18.57,8,13.56,4.79,7.23,29.91,13.77,23.36,46,8,5.75,36.0,2.0,18.0,35.0,3.0,11.67,22.0,3.0,7.33
Winter 19/20,Dalakit MPA,33.0,2,4.24,3.0,0.0,71.12,30.0,36.0,79.0,2,18.38,13.0,0.0,244.18,66.0,92.0,23.0,2,7.07,5.0,0.0,86.53,18.0,28.0,45.5,2,2.12,1.5,26.44,64.56,44.0,47.0,118.5,2,40.31,28.5,0.0,480.63,90.0,147.0,299.0,2,35.36,25.0,0.0,616.66,274.0,324.0,13.25,2,6.79,4.8,0.0,74.23,8.45,18.05,103.5,2,58.69,41.5,0.0,630.81,62.0,145.0,6.52,2,2.56,1.81,0.0,29.56,4.7,8.33,34,2,17.0,34.0,2.0,17.0,,,,,,
Winter 19/20,Guinsuan MPA,23.29,7,7.59,2.87,16.27,30.3,20.42,26.15,50.71,7,24.29,9.18,28.25,73.18,41.53,59.89,17.86,7,13.56,5.12,5.32,30.4,12.73,22.98,72.0,7,87.93,33.24,0.0,153.33,38.76,105.24,136.71,7,143.89,54.39,3.64,269.79,82.33,191.1,300.57,7,242.7,91.73,76.11,525.03,208.84,392.3,8.16,7,6.59,2.49,2.07,14.26,5.67,10.65,167.43,7,154.39,58.35,24.64,310.21,109.08,225.78,5.31,7,5.91,2.23,0.0,10.77,3.07,7.54,36,7,5.14,27.0,2.0,13.5,31.0,3.0,10.33,21.0,2.0,10.5
Winter 19/20,Antulang,47.17,6,17.71,7.23,28.58,65.76,39.94,54.4,31.5,6,13.46,5.49,17.38,45.62,26.01,36.99,38.83,6,12.67,5.17,25.54,52.13,33.66,44.01,35.5,6,18.94,7.73,15.62,55.38,27.77,43.23,273.83,6,212.9,86.92,50.41,497.26,186.92,360.75,426.83,6,202.71,82.76,214.1,639.57,344.08,509.59,19.35,6,19.19,7.84,0.0,39.5,11.52,27.19,214.83,6,272.24,111.14,0.0,500.53,103.69,325.98,14.09,6,19.52,7.97,0.0,34.58,6.12,22.06,36,6,6.0,23.0,2.0,11.5,24.0,2.0,12.0,28.0,2.0,14.0
Winter 19/20,Kookoos,8.92,24,10.57,2.16,4.45,13.38,6.76,11.07,9.17,24,11.25,2.3,4.42,13.92,6.87,11.46,6.46,24,8.31,1.7,2.95,9.97,4.76,8.15,16.58,24,36.58,7.47,1.14,32.03,9.12,24.05,34.29,24,55.28,11.28,10.95,57.63,23.01,45.58,75.42,24,96.1,19.62,34.84,116.0,55.8,95.03,2.3,24,3.59,0.73,0.78,3.81,1.56,3.03,28.08,24,50.11,10.23,6.93,49.24,17.86,38.31,1.31,24,2.73,0.56,0.15,2.46,0.75,1.86,35,24,1.46,17.0,16.0,1.06,28.0,4.0,7.0,28.0,4.0,7.0
Spring 2022,Latason MPA,11.75,4,11.18,5.59,0.0,29.53,6.16,17.34,16.75,4,16.5,8.25,0.0,43.01,8.5,25.0,21.5,4,12.37,6.18,1.82,41.18,15.32,27.68,28.75,4,20.14,10.07,0.0,60.8,18.68,38.82,583.0,4,370.15,185.08,0.0,1171.99,397.92,768.08,661.75,4,426.71,213.36,0.0,1340.74,448.39,875.11,11.17,4,9.43,4.71,0.0,26.17,6.46,15.88,47.5,4,63.2,31.6,0.0,148.06,15.9,79.1,3.19,4,4.16,2.08,0.0,9.81,1.11,5.27,29,4,7.25,25.0,3.0,8.33,21.0,1.0,21.0,,,
Spring 2022,Lutoban South MPA,17.0,5,10.0,4.47,4.58,29.42,12.53,21.47,16.8,5,7.36,3.29,7.66,25.94,13.51,20.09,24.8,5,9.81,4.39,12.62,36.98,20.41,29.19,49.6,5,37.33,16.69,3.25,95.95,32.91,66.29,1001.0,5,303.82,135.87,623.76,1378.24,865.13,1136.87,1109.2,5,344.84,154.22,681.03,1537.37,954.98,1263.42,19.53,5,10.83,4.84,6.08,32.97,14.68,24.37,220.2,5,126.01,56.36,63.73,376.67,163.84,276.56,8.49,5,9.29,4.15,0.0,20.02,4.33,12.64,36,5,7.2,14.0,1.0,14.0,29.0,2.0,14.5,26.0,2.0,13.0
Spring 2022,Lutoban North MPA,19.33,3,2.31,1.33,13.6,25.07,18.0,20.67,11.0,3,4.36,2.52,0.17,21.83,8.48,13.52,25.67,3,2.89,1.67,18.5,32.84,24.0,27.33,34.33,3,13.32,7.69,1.25,67.41,26.64,42.02,981.67,3,166.49,96.13,568.07,1395.26,885.54,1077.79,1072.0,3,165.88,95.77,659.93,1484.07,976.23,1167.77,15.93,3,9.2,5.31,0.0,38.78,10.61,21.24,111.0,3,149.17,86.12,0.0,481.56,24.88,197.12,7.17,3,9.6,5.54,0.0,31.01,1.62,12.71,36,3,12.0,19.0,1.0,19.0,25.0,1.0,25.0,23.0,1.0,23.0
Spring 2022,Dalakit MPA,43.5,2,20.51,14.5,0.0,227.74,29.0,58.0,20.5,2,0.71,0.5,14.15,26.85,20.0,21.0,16.5,2,6.36,4.5,0.0,73.68,12.0,21.0,225.5,2,154.86,109.5,0.0,1616.83,116.0,335.0,751.5,2,279.31,197.5,0.0,3260.98,554.0,949.0,1057.5,2,460.33,325.5,0.0,5193.37,732.0,1383.0,47.83,2,29.69,20.99,0.0,314.59,26.83,68.82,61.5,2,17.68,12.5,0.0,220.33,49.0,74.0,8.44,2,3.88,2.74,0.0,43.29,5.69,11.18,39,2,19.5,39.0,2.0,19.5,,,,,,
Spring 2022,Basak Can-Unsang MPA,21.25,12,15.12,4.37,11.64,30.86,16.88,25.62,11.25,12,12.08,3.49,3.58,18.92,7.76,14.74,13.42,12,15.47,4.47,3.59,23.25,8.95,17.88,85.0,12,66.09,19.08,43.01,126.99,65.92,104.08,734.92,12,576.43,166.4,368.67,1101.16,568.52,901.32,865.83,12,626.95,180.98,467.49,1264.18,684.85,1046.82,41.85,12,42.91,12.39,14.58,69.11,29.46,54.23,272.42,12,443.1,127.91,0.0,553.95,144.51,400.33,26.5,12,40.04,11.56,1.06,51.93,14.94,38.05,58,12,4.83,46.0,4.0,11.5,32.0,4.0,8.0,40.0,4.0,10.0
Spring 2022,BANGCOLUTAN,77.0,1,,,,,,,38.0,1,,,,,,,28.0,1,,,,,,,509.0,1,,,,,,,1863.0,1,,,,,,,2515.0,1,,,,,,,29.18,1,,,,,,,118.0,1,,,,,,,7.32,1,,,,,,,32,1,32.0,32.0,1.0,32.0,,,,,,
Spring 2022,Andulay MPA,13.83,6,7.55,3.08,5.91,21.75,10.75,16.91,10.17,6,6.18,2.52,3.68,16.65,7.64,12.69,15.5,6,7.2,2.94,7.94,23.06,12.56,18.44,43.5,6,18.59,7.59,23.99,63.01,35.91,51.09,1236.33,6,459.49,187.58,754.13,1718.54,1048.75,1423.92,1319.33,6,464.79,189.75,831.57,1807.1,1129.58,1509.08,18.83,6,7.44,3.04,11.03,26.64,15.8,21.87,247.83,6,52.58,21.46,192.66,303.01,226.37,269.3,8.86,6,8.7,3.55,0.0,17.99,5.3,12.41,49,6,8.17,31.0,2.0,15.5,38.0,2.0,19.0,33.0,2.0,16.5
Spring 2022,Maluay Malatapay MPA,14.8,10,16.75,5.3,2.82,26.78,9.5,20.1,11.6,10,6.79,2.15,6.75,16.45,9.45,13.75,22.5,10,14.69,4.65,11.99,33.01,17.85,27.15,75.1,10,67.96,21.49,26.49,123.71,53.61,96.59,485.3,10,200.77,63.49,341.68,628.92,421.81,548.79,609.3,10,213.55,67.53,456.54,762.06,541.77,676.83,16.13,10,9.34,2.95,9.45,22.81,13.18,19.08,164.3,10,153.29,48.48,54.64,273.96,115.82,212.78,9.99,10,9.43,2.98,3.24,16.74,7.01,12.97,55,10,5.5,41.0,3.0,13.67,39.0,3.0,13.0,32.0,4.0,8.0
Summer 2022,Guinsuan MPA,15.15,13,10.55,2.93,8.78,21.53,12.23,18.08,35.69,13,31.86,8.84,16.44,54.94,26.86,44.53,17.31,13,12.6,3.49,9.69,24.92,13.81,20.8,112.92,13,132.14,36.65,33.07,192.78,76.27,149.57,808.08,13,422.39,117.15,552.83,1063.33,690.93,925.23,989.15,13,540.95,150.03,662.26,1316.05,839.12,1139.19,21.03,13,16.0,4.44,11.36,30.7,16.6,25.47,186.85,13,235.46,65.3,44.56,329.13,121.54,252.15,11.34,13,14.13,3.92,2.8,19.88,7.42,15.26,61,13,4.69,37.0,4.0,9.25,50.0,6.0,8.33,34.0,3.0,11.33
Summer 2022,Andulay MPA,17.73,15,7.84,2.02,13.39,22.08,15.71,19.76,11.73,15,8.72,2.25,6.9,16.56,9.48,13.99,19.87,15,10.44,2.7,14.09,25.65,17.17,22.56,138.67,15,141.55,36.55,60.28,217.05,102.12,175.21,735.47,15,236.42,61.04,604.54,866.39,674.42,796.51,923.47,15,324.03,83.66,744.03,1102.91,839.8,1007.13,12.89,15,9.12,2.35,7.83,17.94,10.53,15.24,131.67,15,159.87,41.28,43.13,220.2,90.39,172.95,6.41,15,8.39,2.17,1.77,11.06,4.24,8.58,54,15,3.6,37.0,5.0,7.4,41.0,5.0,8.2,45.0,5.0,9.0
Summer 2022,Maluay Malatapay MPA,7.87,15,4.17,1.08,5.56,10.18,6.79,8.94,12.0,15,7.76,2.0,7.7,16.3,10.0,14.0,19.53,15,13.1,3.38,12.28,26.79,16.15,22.92,98.6,15,136.77,35.31,22.86,174.34,63.29,133.91,395.0,15,325.65,84.08,214.66,575.34,310.92,479.08,533.0,15,341.71,88.23,343.77,722.23,444.77,621.23,8.38,15,8.81,2.28,3.5,13.26,6.1,10.65,74.73,15,123.61,31.92,6.28,143.19,42.82,106.65,3.54,15,5.61,1.45,0.43,6.64,2.09,4.98,50,15,3.33,40.0,6.0,6.67,34.0,5.0,6.8,41.0,4.0,10.25
Summer 2022,Lutoban South MPA,26.33,12,14.07,4.06,17.39,35.28,22.27,30.4,10.83,12,6.46,1.87,6.73,14.94,8.97,12.7,24.83,12,13.5,3.9,16.25,33.41,20.94,28.73,73.67,12,46.83,13.52,43.91,103.42,60.15,87.19,729.5,12,309.92,89.47,532.59,926.41,640.03,818.97,865.17,12,369.02,106.53,630.7,1099.63,758.64,971.69,12.04,12,9.58,2.77,5.96,18.13,9.28,14.81,120.67,12,124.5,35.94,41.56,199.77,84.73,156.61,4.67,12,7.55,2.18,0.0,9.47,2.49,6.85,48,12,4.0,32.0,5.0,6.4,35.0,4.0,8.75,37.0,3.0,12.33
Summer 2022,Antulang,22.5,6,16.05,6.55,5.66,39.34,15.95,29.05,54.17,6,41.21,16.82,10.92,97.41,37.34,70.99,37.83,6,30.73,12.55,5.58,70.09,25.29,50.38,121.33,6,81.72,33.36,35.57,207.1,87.97,154.7,1028.83,6,646.51,263.94,350.36,1707.3,764.9,1292.77,1264.67,6,764.24,312.0,462.65,2066.68,952.67,1576.66,24.81,6,33.33,13.61,0.0,59.79,11.2,38.42,152.33,6,168.61,68.83,0.0,329.28,83.5,221.17,16.98,6,32.35,13.21,0.0,50.93,3.78,30.19,42,6,7.0,33.0,2.0,16.5,25.0,1.0,25.0,28.0,3.0,9.33
Summer 2022,Dalakit MPA,19.0,2,4.24,3.0,0.0,57.12,16.0,22.0,27.0,2,4.24,3.0,0.0,65.12,24.0,30.0,7.0,2,0.0,0.0,7.0,7.0,7.0,7.0,134.0,2,4.24,3.0,95.88,172.12,131.0,137.0,461.5,2,150.61,106.5,0.0,1814.71,355.0,568.0,648.5,2,154.86,109.5,0.0,2039.83,539.0,758.0,20.95,2,0.76,0.54,14.15,27.76,20.42,21.49,49.0,2,1.41,1.0,36.29,61.71,48.0,50.0,6.08,2,1.11,0.79,0.0,16.09,5.29,6.86,37,2,18.5,37.0,2.0,18.5,,,,,,
Summer 2022,Lutoban Pier,17.19,16,8.36,2.09,12.73,21.64,15.1,19.28,7.88,16,5.38,1.34,5.01,10.74,6.53,9.22,12.38,16,9.32,2.33,7.41,17.34,10.04,14.71,132.88,16,157.65,39.41,48.87,216.88,93.46,172.29,801.94,16,597.9,149.48,483.34,1120.54,652.46,951.41,972.25,16,697.73,174.43,600.45,1344.05,797.82,1146.68,28.89,16,43.87,10.97,5.51,52.27,17.92,39.86,186.88,16,331.8,82.95,10.07,363.68,103.93,269.82,12.25,16,37.59,9.4,0.0,32.28,2.85,21.65,51,16,3.19,32.0,7.0,4.57,37.0,5.0,7.4,38.0,4.0,9.5
Summer 2022,Lutoban North MPA,23.46,13,15.19,4.21,14.28,32.64,19.25,27.67,12.0,13,8.31,2.3,6.98,17.02,9.7,14.3,17.85,13,13.41,3.72,9.74,25.95,14.13,21.57,58.31,13,42.98,11.92,32.33,84.28,46.39,70.23,718.15,13,181.49,50.34,608.48,827.83,667.82,768.49,829.77,13,221.67,61.48,695.82,963.72,768.29,891.25,11.61,13,6.23,1.73,7.85,15.38,9.89,13.34,88.0,13,76.37,21.18,41.85,134.15,66.82,109.18,4.14,13,4.8,1.33,1.24,7.03,2.81,5.47,49,13,3.77,32.0,5.0,6.4,37.0,4.0,9.25,39.0,4.0,9.75
Summer 2022,Latason MPA,23.25,4,7.8,3.9,10.83,35.67,19.35,27.15,24.75,4,5.44,2.72,16.1,33.4,22.03,27.47,19.5,4,7.55,3.77,7.49,31.51,15.73,23.27,107.5,4,67.24,33.62,0.5,214.5,73.88,141.12,720.25,4,117.52,58.76,533.25,907.25,661.49,779.01,895.25,4,102.74,51.37,731.77,1058.73,843.88,946.62,11.43,4,7.35,3.68,0.0,23.13,7.75,15.1,154.5,4,131.62,65.81,0.0,363.94,88.69,220.31,4.88,4,5.45,2.73,0.0,13.56,2.16,7.61,33,4,8.25,27.0,2.0,13.5,26.0,2.0,13.0,,,
Summer 2022,LUTOBAN CAB CAB,19.0,1,,,,,,,6.0,1,,,,,,,19.0,1,,,,,,,51.0,1,,,,,,,508.0,1,,,,,,,603.0,1,,,,,,,16.89,1,,,,,,,71.0,1,,,,,,,5.21,1,,,,,,,24,1,24.0,,,,24.0,1.0,24.0,,,
Summer 2022,Kookoos,15.62,13,6.98,1.94,11.4,19.83,13.68,17.55,11.23,13,7.65,2.12,6.61,15.85,9.11,13.35,9.85,13,5.32,1.48,6.63,13.06,8.37,11.32,111.31,13,106.45,29.52,46.98,175.63,81.78,140.83,538.08,13,375.71,104.2,311.04,765.12,433.87,642.28,686.08,13,406.25,112.67,440.58,931.57,573.4,798.75,16.38,13,19.08,5.29,4.85,27.91,11.09,21.67,141.08,13,246.94,68.49,0.0,290.3,72.59,209.57,8.07,13,15.41,4.27,0.0,17.38,3.79,12.34,58,13,4.46,35.0,4.0,8.75,40.0,5.0,8.0,38.0,4.0,9.5
Summer 2022,Salag MPA,17.25,8,8.81,3.12,9.88,24.62,14.13,20.37,22.25,8,8.0,2.83,15.57,28.93,19.42,25.08,5.12,8,5.41,1.91,0.6,9.65,3.21,7.04,108.88,8,68.34,24.16,51.74,166.01,84.71,133.04,1077.88,8,801.27,283.29,408.0,1747.75,794.58,1361.17,1231.38,8,802.02,283.56,560.87,1901.88,947.82,1514.93,23.35,8,11.67,4.12,13.59,33.1,19.22,27.47,373.25,8,712.77,252.0,0.0,969.14,121.25,625.25,14.09,8,11.05,3.91,4.85,23.33,10.18,18.0,48,8,6.0,25.0,2.0,12.5,37.0,2.0,18.5,37.0,4.0,9.25
Summer 2022,Basak Can-Unsang MPA,45.5,8,43.56,15.4,9.08,81.92,30.1,60.9,22.12,8,9.0,3.18,14.6,29.65,18.94,25.31,19.88,8,11.36,4.02,10.38,29.37,15.86,23.89,130.0,8,88.45,31.27,56.05,203.95,98.73,161.27,956.38,8,257.27,90.96,741.29,1171.46,865.42,1047.33,1173.88,8,285.34,100.88,935.33,1412.42,1072.99,1274.76,35.57,8,18.08,6.39,20.45,50.68,29.17,41.96,318.5,8,153.03,54.1,190.56,446.44,264.4,372.6,22.65,8,14.14,5.0,10.84,34.47,17.66,27.65,55,8,6.88,38.0,3.0,12.67,36.0,2.0,18.0,44.0,3.0,14.67
Autumn 2022,Guinsuan MPA,28.86,7,12.27,4.64,17.51,40.2,24.22,33.49,35.86,7,26.86,10.15,11.02,60.7,25.7,46.01,22.43,7,15.33,5.79,8.25,36.6,16.64,28.22,133.43,7,92.76,35.06,47.64,219.22,98.37,168.49,867.57,7,317.52,120.01,573.91,1161.23,747.56,987.58,1088.14,7,432.4,163.43,688.24,1488.04,924.71,1251.57,21.07,7,12.48,4.72,9.53,32.61,16.35,25.79,149.0,7,128.57,48.59,30.1,267.9,100.41,197.59,5.08,7,7.14,2.7,0.0,11.68,2.39,7.78,51,7,7.29,41.0,2.0,20.5,31.0,2.0,15.5,29.0,3.0,9.67
Autumn 2022,Kookoos,19.1,10,7.34,2.32,13.85,24.35,16.78,21.42,10.4,10,5.64,1.78,6.36,14.44,8.62,12.18,15.5,10,12.09,3.82,6.85,24.15,11.68,19.32,92.7,10,55.6,17.58,52.93,132.47,75.12,110.28,879.3,10,482.27,152.51,534.3,1224.3,726.79,1031.81,1017.0,10,499.0,157.8,660.04,1373.96,859.2,1174.8,22.86,10,12.47,3.94,13.95,31.78,18.92,26.81,99.3,10,107.57,34.02,22.35,176.25,65.28,133.32,6.02,10,6.68,2.11,1.24,10.79,3.91,8.13,49,10,4.9,34.0,3.0,11.33,32.0,4.0,8.0,36.0,3.0,12.0
Autumn 2022,Dalakit MPA,11.75,4,2.06,1.03,8.47,15.03,10.72,12.78,13.5,4,2.08,1.04,10.19,16.81,12.46,14.54,9.0,4,8.12,4.06,0.0,21.93,4.94,13.06,78.5,4,16.22,8.11,52.69,104.31,70.39,86.61,216.5,4,69.65,34.83,105.67,327.33,181.67,251.33,329.25,4,83.42,41.71,196.51,461.99,287.54,370.96,10.41,4,4.4,2.2,3.41,17.41,8.21,12.61,35.0,4,19.88,9.94,3.36,66.64,25.06,44.94,2.91,4,1.86,0.93,0.0,5.87,1.98,3.84,41,4,10.25,41.0,4.0,10.25,,,,,,
Autumn 2022,Antulang,25.29,7,11.8,4.46,14.37,36.2,20.83,29.75,32.43,7,16.17,6.11,17.47,47.39,26.32,38.54,38.71,7,24.78,9.37,15.79,61.64,29.35,48.08,108.57,7,43.97,16.62,67.9,149.24,91.95,125.19,969.14,7,358.99,135.69,637.13,1301.16,833.46,1104.83,1174.14,7,425.97,161.0,780.19,1568.1,1013.14,1335.14,16.55,7,5.25,1.98,11.69,21.4,14.56,18.53,162.0,7,108.59,41.04,61.57,262.43,120.96,203.04,5.11,7,4.1,1.55,1.31,8.9,3.56,6.66,49,7,7.0,29.0,2.0,14.5,36.0,2.0,18.0,36.0,3.0,12.0
Autumn 2022,Andulay MPA,26.45,11,17.34,5.23,14.81,38.1,21.23,31.68,22.36,11,11.13,3.36,14.89,29.84,19.01,25.72,42.0,11,21.55,6.5,27.52,56.48,35.5,48.5,210.36,11,81.67,24.62,155.5,265.23,185.74,234.99,1475.82,11,582.03,175.49,1084.8,1866.83,1300.33,1651.31,1777.0,11,654.14,197.23,1337.54,2216.46,1579.77,1974.23,44.72,11,32.81,9.89,22.67,66.76,34.82,54.61,221.73,11,234.21,70.62,64.38,379.07,151.11,292.34,22.37,11,24.38,7.35,5.99,38.76,15.02,29.73,60,11,5.45,46.0,5.0,9.2,49.0,4.0,12.25,34.0,2.0,17.0
Autumn 2022,Basak Can-Unsang MPA,37.86,7,27.02,10.21,12.87,62.85,27.64,48.07,34.57,7,9.54,3.6,25.75,43.39,30.97,38.18,24.43,7,7.81,2.95,17.21,31.65,21.48,27.38,219.0,7,107.35,40.58,119.71,318.29,178.42,259.58,2349.57,7,1793.17,677.75,691.17,4007.98,1671.82,3027.33,2665.43,7,1925.0,727.58,885.1,4445.76,1937.85,3393.01,85.25,7,102.99,38.93,0.0,180.5,46.33,124.18,1168.43,7,1572.43,594.32,0.0,2622.68,574.11,1762.75,64.04,7,99.67,37.67,0.0,156.23,26.37,101.72,58,7,8.29,46.0,3.0,15.33,41.0,3.0,13.67,44.0,1.0,44.0
Autumn 2022,Latason MPA,13.38,8,8.5,3.01,6.27,20.48,10.37,16.38,14.25,8,10.44,3.69,5.52,22.98,10.56,17.94,15.12,8,7.59,2.68,8.78,21.47,12.44,17.81,70.75,8,89.69,31.71,0.0,145.73,39.04,102.46,549.5,8,338.1,119.54,266.84,832.16,429.96,669.04,663.0,8,415.32,146.84,315.78,1010.22,516.16,809.84,8.97,8,7.33,2.59,2.84,15.1,6.38,11.57,68.0,8,62.53,22.11,15.72,120.28,45.89,90.11,2.26,8,3.78,1.34,0.0,5.41,0.92,3.59,38,8,4.75,33.0,4.0,8.25,25.0,4.0,6.25,,,
Autumn 2022,Lutoban North MPA,25.27,11,13.24,3.99,16.38,34.17,21.28,29.26,19.0,11,14.61,4.4,9.19,28.81,14.6,23.4,34.27,11,19.61,5.91,21.1,47.44,28.36,40.18,133.82,11,105.24,31.73,63.11,204.52,102.09,165.55,1298.55,11,919.77,277.32,680.64,1916.46,1021.22,1575.87,1510.91,11,993.22,299.47,843.65,2178.17,1211.44,1810.38,60.35,11,56.08,16.91,22.67,98.03,43.44,77.26,493.91,11,397.77,119.93,226.68,761.14,373.98,613.84,42.9,11,53.13,16.02,7.21,78.59,26.88,58.92,44,11,4.0,34.0,3.0,11.33,31.0,2.0,15.5,36.0,6.0,6.0
Autumn 2022,Lutoban Pier,24.62,8,20.26,7.16,7.69,41.56,17.46,31.79,14.5,8,9.74,3.44,6.36,22.64,11.06,17.94,18.0,8,8.7,3.08,10.73,25.27,14.92,21.08,127.5,8,91.24,32.26,51.22,203.78,95.24,159.76,1458.88,8,1171.67,414.25,479.34,2438.41,1044.63,1873.12,1643.5,8,1272.03,449.73,580.05,2706.95,1193.77,2093.23,30.46,8,27.86,9.85,7.17,53.75,20.61,40.31,319.25,8,347.26,122.78,28.93,609.57,196.47,442.03,19.48,8,24.84,8.78,0.0,40.25,10.7,28.26,43,8,5.38,32.0,3.0,10.67,33.0,3.0,11.0,31.0,2.0,15.5
Autumn 2022,Lutoban South MPA,20.5,8,9.1,3.22,12.89,28.11,17.28,23.72,23.25,8,17.27,6.11,8.81,37.69,17.14,29.36,29.0,8,12.13,4.29,18.86,39.14,24.71,33.29,100.75,8,88.42,31.26,26.83,174.67,69.49,132.01,787.88,8,433.73,153.35,425.26,1150.49,634.53,941.22,961.38,8,499.28,176.52,543.96,1378.79,784.85,1137.9,14.49,8,13.56,4.8,3.15,25.82,9.69,19.28,163.0,8,163.84,57.93,26.02,299.98,105.07,220.93,7.58,8,11.27,3.98,0.0,17.0,3.59,11.56,40,8,5.0,26.0,3.0,8.67,28.0,2.0,14.0,34.0,3.0,11.33
Autumn 2022,Maluay Malatapay MPA,9.76,17,8.17,1.98,5.56,13.97,7.78,11.75,16.29,17,13.81,3.35,9.19,23.39,12.94,19.64,27.06,17,17.15,4.16,18.24,35.88,22.9,31.22,119.35,17,82.75,20.07,76.81,161.9,99.28,139.42,525.0,17,320.16,77.65,360.39,689.61,447.35,602.65,697.47,17,402.16,97.54,490.7,904.24,599.93,795.01,12.09,17,13.77,3.34,5.01,19.17,8.75,15.43,108.12,17,214.25,51.96,0.0,218.27,56.15,160.08,6.34,17,13.07,3.17,0.0,13.06,3.16,9.51,57,17,3.35,38.0,6.0,6.33,40.0,6.0,6.67,48.0,5.0,9.6
Autumn 2022,Salag MPA,12.56,9,9.19,3.06,5.49,19.62,9.49,15.62,10.22,9,4.06,1.35,7.11,13.34,8.87,11.57,5.33,9,4.53,1.51,1.85,8.81,3.82,6.84,77.89,9,67.98,22.66,25.63,130.14,55.23,100.55,545.44,9,374.96,124.99,257.22,833.67,420.46,670.43,651.44,9,445.73,148.58,308.82,994.07,502.87,800.02,14.51,9,9.8,3.27,6.98,22.04,11.24,17.78,89.44,9,91.43,30.48,19.17,159.72,58.97,119.92,6.93,9,8.66,2.89,0.27,13.58,4.04,9.81,44,9,4.89,28.0,3.0,9.33,35.0,3.0,11.67,32.0,3.0,10.67
Winter 22/23,Latason MPA,17.5,4,1.91,0.96,14.45,20.55,16.54,18.46,18.75,4,7.93,3.97,6.13,31.37,14.78,22.72,17.75,4,10.44,5.22,1.14,34.36,12.53,22.97,49.75,4,20.07,10.04,17.81,81.69,39.71,59.79,628.5,4,196.53,98.27,315.77,941.23,530.23,726.77,732.25,4,202.49,101.25,410.04,1054.46,631.0,833.5,20.28,4,7.84,3.92,7.8,32.76,16.36,24.2,143.5,4,173.49,86.75,0.0,419.57,56.75,230.25,8.39,4,10.13,5.07,0.0,24.51,3.32,13.45,39,4,9.75,27.0,2.0,13.5,34.0,2.0,17.0,,,
Winter 22/23,Salag MPA,14.86,7,15.5,5.86,0.53,29.19,9.0,20.71,16.29,7,10.92,4.13,6.19,26.38,12.16,20.41,6.71,7,6.82,2.58,0.4,13.03,4.13,9.29,72.0,7,52.2,19.73,23.72,120.28,52.27,91.73,680.86,7,365.84,138.27,342.51,1019.2,542.58,819.13,790.71,7,422.83,159.81,399.66,1181.77,630.9,950.53,14.83,7,5.33,2.02,9.9,19.76,12.82,16.85,123.71,7,95.29,36.02,35.58,211.85,87.7,159.73,4.33,7,2.78,1.05,1.76,6.9,3.28,5.38,48,7,6.86,30.0,2.0,15.0,41.0,3.0,13.67,31.0,2.0,15.5
Winter 22/23,Maluay Malatapay MPA,7.17,12,2.66,0.77,5.48,8.85,6.4,7.93,14.17,12,9.29,2.68,8.26,20.07,11.48,16.85,14.42,12,10.73,3.1,7.6,21.24,11.32,17.51,107.42,12,130.15,37.57,24.72,190.11,69.85,144.99,350.42,12,216.77,62.58,212.69,488.15,287.84,412.99,493.58,12,259.86,75.01,328.48,658.69,418.57,568.6,8.45,12,5.98,1.73,4.65,12.25,6.72,10.18,93.92,12,104.38,30.13,27.59,160.24,63.78,124.05,3.63,12,4.67,1.35,0.67,6.6,2.28,4.98,52,12,4.33,39.0,4.0,9.75,40.0,4.0,10.0,33.0,4.0,8.25
Winter 22/23,Lutoban South MPA,16.0,11,8.64,2.6,10.2,21.8,13.4,18.6,17.36,11,16.92,5.1,6.0,28.73,12.26,22.46,25.27,11,19.03,5.74,12.49,38.06,19.53,31.01,52.0,11,35.23,10.62,28.33,75.67,41.38,62.62,674.36,11,372.21,112.23,424.31,924.42,562.14,786.59,785.0,11,432.24,130.32,494.62,1075.38,654.68,915.32,12.35,11,7.54,2.27,7.28,17.42,10.08,14.63,117.73,11,148.4,44.75,18.03,217.43,72.98,162.47,4.71,11,6.96,2.1,0.03,9.38,2.61,6.81,49,11,4.45,33.0,4.0,8.25,38.0,4.0,9.5,34.0,3.0,11.33
Winter 22/23,Lutoban North MPA,22.29,7,10.87,4.11,12.23,32.34,18.18,26.4,19.14,7,11.16,4.22,8.82,29.46,14.93,23.36,23.29,7,14.47,5.47,9.91,36.66,17.82,28.75,148.86,7,109.12,41.24,47.94,249.78,107.61,190.1,1352.43,7,1234.89,466.74,210.35,2494.51,885.69,1819.17,1566.0,7,1292.78,488.62,370.38,2761.62,1077.38,2054.62,37.32,7,32.36,12.23,7.39,67.25,25.09,49.55,476.71,7,645.6,244.01,0.0,1073.79,232.7,720.73,18.76,7,24.41,9.23,0.0,41.34,9.54,27.99,53,7,7.57,36.0,2.0,18.0,38.0,2.0,19.0,35.0,3.0,11.67
Winter 22/23,Andulay MPA,13.62,13,11.19,3.1,6.85,20.38,10.51,16.72,15.08,13,7.47,2.07,10.57,19.59,13.01,17.15,20.69,13,11.9,3.3,13.5,27.88,17.39,23.99,107.08,13,54.6,15.14,74.08,140.07,91.93,122.22,832.08,13,496.38,137.67,532.12,1132.04,694.41,969.75,988.54,13,534.28,148.18,665.68,1311.4,840.36,1136.72,13.56,13,12.67,3.52,5.9,21.22,10.05,17.08,83.46,13,82.75,22.95,33.46,133.47,60.51,106.41,4.17,13,5.2,1.44,1.03,7.32,2.73,5.62,63,13,4.85,38.0,5.0,7.6,43.0,3.0,14.33,47.0,5.0,9.4
Winter 22/23,Antulang,10.4,10,3.95,1.25,7.57,13.23,9.15,11.65,10.5,10,6.87,2.17,5.59,15.41,8.33,12.67,17.3,10,8.64,2.73,11.12,23.48,14.57,20.03,27.4,10,12.27,3.88,18.62,36.18,23.52,31.28,525.6,10,212.18,67.1,373.82,677.38,458.5,592.7,591.2,10,225.96,71.46,429.56,752.84,519.74,662.66,16.35,10,9.4,2.97,9.62,23.07,13.37,19.32,136.2,10,100.96,31.93,63.98,208.42,104.27,168.13,8.55,10,6.46,2.04,3.93,13.17,6.51,10.6,40,10,4.0,30.0,4.0,7.5,27.0,3.0,9.0,30.0,3.0,10.0
Winter 22/23,Kookoos,12.27,15,9.49,2.45,7.01,17.52,9.82,14.72,11.4,15,7.07,1.83,7.49,15.31,9.57,13.23,11.0,15,4.64,1.2,8.43,13.57,9.8,12.2,55.53,15,40.83,10.54,32.92,78.14,44.99,66.07,527.47,15,194.1,50.12,419.98,634.95,477.35,577.58,617.67,15,228.1,58.89,491.35,743.98,558.77,676.56,12.97,15,14.44,3.73,4.98,20.97,9.24,16.7,85.53,15,156.35,40.37,0.0,172.12,45.16,125.9,5.03,15,9.9,2.56,0.0,10.51,2.48,7.59,43,15,2.87,29.0,4.0,7.25,30.0,6.0,5.0,36.0,5.0,7.2
Winter 22/23,Basak Can-Unsang MPA,17.0,11,6.16,1.86,12.86,21.14,15.14,18.86,12.36,11,11.84,3.57,4.41,20.32,8.79,15.93,12.45,11,10.4,3.13,5.47,19.44,9.32,15.59,77.09,11,40.39,12.18,49.96,104.22,64.91,89.27,641.27,11,284.47,85.77,450.16,832.39,555.5,727.05,760.18,11,287.59,86.71,566.98,953.39,673.47,846.89,33.26,11,19.11,5.76,20.42,46.1,27.49,39.02,289.82,11,309.11,93.2,82.16,497.48,196.62,383.02,16.22,11,15.35,4.63,5.9,26.53,11.59,20.85,48,11,4.36,29.0,3.0,9.67,40.0,4.0,10.0,42.0,4.0,10.5
Winter 22/23,Guinsuan MPA,12.09,11,6.11,1.84,7.99,16.19,10.25,13.93,12.73,11,6.21,1.87,8.55,16.9,10.85,14.6,9.27,11,7.47,2.25,4.25,14.29,7.02,11.53,49.45,11,56.98,17.18,11.18,87.73,32.27,66.63,416.27,11,286.28,86.32,223.95,608.6,329.96,502.59,499.82,11,323.65,97.58,282.39,717.25,402.23,597.4,16.72,11,14.58,4.4,6.93,26.52,12.33,21.12,53.09,11,69.34,20.91,6.5,99.68,32.18,74.0,2.43,11,2.81,0.85,0.55,4.32,1.59,3.28,37,11,3.36,21.0,3.0,7.0,29.0,4.0,7.25,28.0,4.0,7.0
Winter 22/23,Dalakit MPA,19.0,2,2.83,2.0,0.0,44.41,17.0,21.0,18.5,2,0.71,0.5,12.15,24.85,18.0,19.0,12.0,2,4.24,3.0,0.0,50.12,9.0,15.0,84.0,2,25.46,18.0,0.0,312.71,66.0,102.0,324.5,2,71.42,50.5,0.0,966.16,274.0,375.0,458.0,2,103.24,73.0,0.0,1385.55,385.0,531.0,11.89,2,0.59,0.42,6.59,17.19,11.47,12.31,28.0,2,2.83,2.0,2.59,53.41,26.0,30.0,2.45,2,0.3,0.21,0.0,5.12,2.24,2.66,26,2,13.0,26.0,2.0,13.0,,,,,,
Winter 22/23,Lutoban Pier,16.9,10,12.31,3.89,8.09,25.71,13.01,20.79,6.8,10,3.43,1.08,4.35,9.25,5.72,7.88,14.5,10,11.08,3.5,6.58,22.42,11.0,18.0,102.7,10,80.58,25.48,45.06,160.34,77.22,128.18,642.1,10,424.25,134.16,338.61,945.59,507.94,776.26,783.0,10,463.95,146.71,451.11,1114.89,636.29,929.71,10.69,10,5.64,1.78,6.65,14.72,8.9,12.47,32.8,10,25.93,8.2,14.25,51.35,24.6,41.0,1.02,10,0.53,0.17,0.64,1.4,0.85,1.19,46,10,4.6,33.0,3.0,11.0,34.0,3.0,11.33,34.0,4.0,8.5
Spring 2023,Andulay MPA,14.94,16,6.43,1.61,11.51,18.37,13.33,16.55,13.44,16,7.09,1.77,9.66,17.22,11.67,15.21,17.06,16,10.45,2.61,11.49,22.63,14.45,19.68,52.69,16,33.31,8.33,34.94,70.44,44.36,61.01,536.12,16,248.87,62.22,403.51,668.74,473.91,598.34,634.25,16,259.77,64.94,495.83,772.67,569.31,699.19,17.27,16,17.14,4.29,8.14,26.4,12.98,21.55,58.5,16,51.9,12.97,30.84,86.16,45.53,71.47,7.46,16,17.34,4.34,0.0,16.7,3.12,11.79,53,16,3.31,39.0,5.0,7.8,45.0,5.0,9.0,41.0,6.0,6.83
Spring 2023,Antulang,10.94,18,4.3,1.01,8.8,13.08,9.93,11.96,12.06,18,7.23,1.7,8.46,15.65,10.35,13.76,13.5,18,5.42,1.28,10.81,16.19,12.22,14.78,29.67,18,19.03,4.49,20.2,39.13,25.18,34.15,487.5,18,190.52,44.91,392.76,582.24,442.59,532.41,553.67,18,199.47,47.02,454.47,652.86,506.65,600.68,9.02,18,4.83,1.14,6.62,11.42,7.88,10.16,79.33,18,98.01,23.1,30.6,128.07,56.23,102.43,2.64,18,3.65,0.86,0.82,4.45,1.78,3.5,53,18,2.94,32.0,6.0,5.33,41.0,6.0,6.83,42.0,6.0,7.0
Spring 2023,Basak Can-Unsang MPA,23.4,15,12.85,3.32,16.28,30.52,20.08,26.72,19.87,15,19.24,4.97,9.21,30.52,14.9,24.84,13.13,15,6.14,1.59,9.73,16.53,11.55,14.72,76.47,15,56.96,14.71,44.92,108.01,61.76,91.17,513.87,15,341.47,88.17,324.77,702.97,425.7,602.03,646.73,15,395.47,102.11,427.73,865.73,544.62,748.84,19.39,15,8.88,2.29,14.47,24.3,17.09,21.68,107.87,15,102.55,26.48,51.08,164.66,81.39,134.35,7.98,15,6.38,1.65,4.45,11.51,6.33,9.63,66,15,4.4,47.0,5.0,9.4,50.0,4.0,12.5,46.0,6.0,7.67
Spring 2023,Dalakit MPA,48.5,2,12.02,8.5,0.0,156.5,40.0,57.0,42.5,2,20.51,14.5,0.0,226.74,28.0,57.0,26.5,2,4.95,3.5,0.0,70.97,23.0,30.0,238.0,2,132.94,94.0,0.0,1432.38,144.0,332.0,571.0,2,32.53,23.0,278.76,863.24,548.0,594.0,926.5,2,202.94,143.5,0.0,2749.84,783.0,1070.0,42.59,2,8.6,6.08,0.0,119.81,36.51,48.66,124.5,2,75.66,53.5,0.0,804.28,71.0,178.0,19.76,2,12.57,8.89,0.0,132.69,10.87,28.65,48,2,24.0,48.0,2.0,24.0,,,,,,
Spring 2023,Guinsuan MPA,20.47,15,11.93,3.08,13.86,27.08,17.39,23.55,32.4,15,20.24,5.23,21.19,43.61,27.17,37.63,11.33,15,6.61,1.71,7.67,14.99,9.63,13.04,67.4,15,46.51,12.01,41.64,93.16,55.39,79.41,594.13,15,265.51,68.56,447.1,741.17,525.58,662.69,725.73,15,309.26,79.85,554.47,896.99,645.88,805.58,15.64,15,8.34,2.15,11.02,20.25,13.48,17.79,111.2,15,107.86,27.85,51.47,170.93,83.35,139.05,5.62,15,7.19,1.86,1.64,9.6,3.76,7.48,56,15,3.73,41.0,4.0,10.25,45.0,6.0,7.5,39.0,5.0,7.8
Spring 2023,Kookoos,14.53,15,9.37,2.42,9.34,19.72,12.11,16.95,5.4,15,3.78,0.97,3.31,7.49,4.43,6.37,9.13,15,5.13,1.32,6.3,11.97,7.81,10.46,58.87,15,46.59,12.03,33.06,84.67,46.84,70.9,506.67,15,215.12,55.54,387.54,625.8,451.12,562.21,594.6,15,236.74,61.13,463.5,725.7,533.47,655.73,13.23,15,9.04,2.33,8.22,18.24,10.89,15.56,44.33,15,63.38,16.36,9.24,79.43,27.97,60.7,3.15,15,4.77,1.23,0.51,5.79,1.92,4.38,43,15,2.87,30.0,4.0,7.5,34.0,6.0,5.67,36.0,5.0,7.2
Spring 2023,Latason MPA,8.7,10,6.82,2.16,3.82,13.58,6.54,10.86,11.9,10,11.79,3.73,3.47,20.33,8.17,15.63,10.9,10,9.02,2.85,4.44,17.36,8.05,13.75,38.5,10,33.96,10.74,14.21,62.79,27.76,49.24,370.4,10,330.49,104.51,133.98,606.82,265.89,474.91,440.4,10,367.01,116.06,177.86,702.94,324.34,556.46,9.05,10,6.76,2.14,4.21,13.89,6.91,11.19,81.8,10,131.47,41.58,0.0,175.85,40.22,123.38,2.6,10,2.56,0.81,0.77,4.43,1.79,3.41,47,10,4.7,40.0,5.0,8.0,35.0,5.0,7.0,,,
Spring 2023,Lutoban North MPA,14.88,17,10.01,2.43,9.74,20.03,12.46,17.31,10.88,17,8.44,2.05,6.54,15.22,8.84,12.93,12.94,17,8.19,1.99,8.73,17.15,10.96,14.93,32.94,17,16.63,4.03,24.39,41.49,28.91,36.97,477.82,17,197.16,47.82,376.46,579.19,430.01,525.64,549.47,17,210.27,51.0,441.36,657.58,498.47,600.47,10.45,17,6.93,1.68,6.88,14.01,8.77,12.13,94.53,17,168.0,40.75,8.15,180.91,53.78,135.28,3.36,17,6.63,1.61,0.0,6.77,1.75,4.97,52,17,3.06,36.0,6.0,6.0,39.0,5.0,7.8,43.0,6.0,7.17
Spring 2023,Lutoban Pier,12.82,17,11.32,2.75,7.0,18.64,10.08,15.57,4.24,17,3.21,0.78,2.58,5.89,3.46,5.01,7.53,17,4.36,1.06,5.29,9.77,6.47,8.59,55.82,17,39.14,9.49,35.7,75.95,46.33,65.32,450.35,17,205.35,49.81,344.77,555.93,400.55,500.16,530.76,17,217.44,52.74,418.97,642.56,478.03,583.5,11.04,17,10.0,2.43,5.9,16.18,8.61,13.47,30.41,17,38.26,9.28,10.74,50.08,21.13,39.69,1.16,17,1.57,0.38,0.35,1.97,0.78,1.54,49,17,2.88,34.0,5.0,6.8,34.0,6.0,5.67,33.0,6.0,5.5
Spring 2023,Salag MPA,10.81,16,4.61,1.15,8.36,13.27,9.66,11.96,10.44,16,5.97,1.49,7.26,13.62,8.95,11.93,2.75,16,1.13,0.28,2.15,3.35,2.47,3.03,39.94,16,25.95,6.49,26.11,53.76,33.45,46.42,414.88,16,179.72,44.93,319.11,510.64,369.95,459.8,478.81,16,194.97,48.74,374.92,582.7,430.07,527.56,11.52,16,5.96,1.49,8.34,14.69,10.02,13.01,42.81,16,46.97,11.74,17.79,67.84,31.07,54.55,4.73,16,3.9,0.98,2.65,6.81,3.76,5.71,48,16,3.0,32.0,6.0,5.33,39.0,5.0,7.8,34.0,5.0,6.8
Spring 2023,Maluay Malatapay MPA,8.18,17,7.31,1.77,4.42,11.93,6.4,9.95,12.35,17,5.23,1.27,9.66,15.04,11.08,13.62,14.35,17,7.15,1.73,10.68,18.03,12.62,16.09,49.47,17,36.42,8.83,30.75,68.2,40.64,58.3,348.18,17,214.33,51.98,237.98,458.38,296.19,400.16,432.53,17,224.52,54.45,317.09,547.97,378.08,486.98,8.62,17,5.97,1.45,5.54,11.69,7.17,10.06,59.71,17,70.02,16.98,23.7,95.71,42.72,76.69,3.02,17,3.96,0.96,0.98,5.06,2.06,3.98,57,17,3.35,42.0,6.0,7.0,37.0,5.0,7.4,34.0,6.0,5.67
Spring 2023,Lutoban South MPA,12.9,20,6.94,1.55,9.65,16.15,11.35,14.45,12.9,20,8.16,1.83,9.08,16.72,11.07,14.73,15.95,20,7.34,1.64,12.51,19.39,14.31,17.59,47.5,20,53.83,12.04,22.31,72.69,35.46,59.54,379.9,20,124.91,27.93,321.44,438.36,351.97,407.83,469.15,20,147.61,33.01,400.07,538.23,436.14,502.16,8.22,20,4.61,1.03,6.06,10.38,7.19,9.25,69.6,20,99.9,22.34,22.84,116.36,47.26,91.94,2.47,20,2.3,0.51,1.39,3.55,1.96,2.98,53,20,2.65,30.0,6.0,5.0,40.0,7.0,5.71,38.0,7.0,5.43
Summer 2023,Andulay MPA,18.18,11,10.49,3.16,11.14,25.23,15.02,21.34,18.27,11,10.85,3.27,10.98,25.56,15.0,21.55,22.09,11,15.0,4.52,12.02,32.17,17.57,26.61,144.73,11,70.49,21.25,97.37,192.08,123.47,165.98,839.64,11,464.76,140.13,527.41,1151.87,699.51,979.77,1042.91,11,471.65,142.21,726.05,1359.77,900.7,1185.12,16.01,11,9.19,2.77,9.84,22.18,13.24,18.78,71.36,11,48.28,14.56,38.93,103.8,56.81,85.92,6.23,11,4.56,1.37,3.17,9.3,4.86,7.61,54,11,4.91,30.0,3.0,10.0,45.0,3.0,15.0,40.0,5.0,8.0
Summer 2023,Antulang,11.38,16,6.87,1.72,7.71,15.04,9.66,13.09,13.62,16,10.38,2.59,8.09,19.16,11.03,16.22,16.75,16,7.38,1.85,12.82,20.68,14.9,18.6,66.81,16,53.79,13.45,38.15,95.47,53.37,80.26,624.56,16,259.9,64.98,486.07,763.05,559.59,689.54,733.12,16,291.96,72.99,577.55,888.7,660.13,806.12,12.84,16,7.04,1.76,9.09,16.59,11.09,14.6,82.88,16,84.42,21.11,37.89,127.86,61.77,103.98,5.38,16,5.55,1.39,2.42,8.34,3.99,6.77,46,16,2.88,31.0,6.0,5.17,36.0,5.0,7.2,30.0,5.0,6.0
Summer 2023,Basak Can-Unsang MPA,16.28,18,9.18,2.16,11.71,20.84,14.11,18.44,14.83,18,13.23,3.12,8.25,21.41,11.71,17.95,18.39,18,38.58,9.09,0.0,37.57,9.3,27.48,82.28,18,64.62,15.23,50.14,114.41,67.05,97.51,762.94,18,329.14,77.58,599.26,926.62,685.36,840.52,894.72,18,378.73,89.27,706.39,1083.06,805.46,983.99,29.2,18,24.45,5.76,17.04,41.36,23.44,34.96,221.78,18,314.33,74.09,65.47,378.09,147.69,295.87,17.03,18,21.11,4.98,6.53,27.53,12.06,22.01,55,18,3.06,36.0,6.0,6.0,40.0,6.0,6.67,43.0,6.0,7.17
Summer 2023,Dalakit MPA,9.17,6,5.04,2.06,3.88,14.45,7.11,11.22,16.67,6,11.04,4.51,5.08,28.25,12.16,21.17,7.33,6,4.18,1.71,2.95,11.72,5.63,9.04,60.83,6,22.66,9.25,37.06,84.61,51.58,70.08,189.67,6,66.6,27.19,119.77,259.56,162.48,216.86,283.67,6,90.33,36.88,188.87,378.47,246.79,320.55,18.95,6,14.92,6.09,3.3,34.61,12.87,25.04,40.0,6,25.4,10.37,13.34,66.66,29.63,50.37,11.26,6,13.12,5.35,0.0,25.02,5.9,16.61,36,6,6.0,36.0,6.0,6.0,,,,,,
Summer 2023,Guinsuan MPA,13.67,15,17.2,4.44,4.14,23.19,9.22,18.11,19.33,15,28.45,7.35,3.58,35.09,11.99,26.68,13.67,15,14.37,3.71,5.71,21.62,9.96,17.38,76.27,15,81.32,21.0,31.23,121.3,55.27,97.26,715.27,15,580.19,149.8,393.97,1036.56,565.46,865.07,838.2,15,690.94,178.4,455.57,1220.83,659.8,1016.6,13.67,15,11.36,2.93,7.38,19.96,10.73,16.6,136.33,15,159.71,41.24,47.89,224.78,95.1,177.57,6.93,15,8.17,2.11,2.41,11.46,4.82,9.04,46,15,3.07,30.0,4.0,7.5,39.0,5.0,7.8,25.0,6.0,4.17
Summer 2023,Kookoos,11.07,15,5.55,1.43,7.99,14.14,9.63,12.5,11.13,15,7.91,2.04,6.75,15.51,9.09,13.18,9.67,15,5.81,1.5,6.45,12.89,8.17,11.17,82.93,15,57.35,14.81,51.18,114.69,68.13,97.74,514.33,15,376.13,97.12,306.04,722.63,417.22,611.45,629.13,15,435.07,112.34,388.2,870.07,516.8,741.47,12.29,15,16.77,4.33,3.01,21.58,7.96,16.62,40.53,15,50.62,13.07,12.5,68.56,27.46,53.6,2.89,15,3.44,0.89,0.98,4.79,2.0,3.78,41,15,2.73,26.0,5.0,5.2,31.0,5.0,6.2,32.0,5.0,6.4
Summer 2023,Lutoban North MPA,16.09,11,8.24,2.48,10.56,21.63,13.61,18.58,16.18,11,8.02,2.42,10.79,21.57,13.76,18.6,20.55,11,10.88,3.28,13.23,27.86,17.26,23.83,91.36,11,32.31,9.74,69.66,113.07,81.62,101.1,714.27,11,343.0,103.42,483.84,944.7,610.86,817.69,858.45,11,366.02,110.36,612.56,1104.35,748.1,968.81,11.52,11,5.88,1.77,7.57,15.47,9.75,13.3,39.09,11,22.27,6.72,24.13,54.05,32.38,45.81,2.7,11,1.98,0.6,1.37,4.03,2.1,3.29,43,11,3.91,28.0,3.0,9.33,35.0,5.0,7.0,32.0,3.0,10.67
Summer 2023,Lutoban Pier,21.36,11,10.03,3.02,14.62,28.1,18.34,24.39,12.45,11,7.67,2.31,7.3,17.61,10.14,14.77,15.73,11,5.18,1.56,12.25,19.21,14.17,17.29,131.45,11,58.7,17.7,92.02,170.89,113.76,149.15,932.36,11,354.08,106.76,694.49,1170.24,825.6,1039.12,1113.36,11,364.5,109.9,868.49,1358.24,1003.46,1223.26,21.04,11,15.31,4.61,10.76,31.32,16.42,25.65,152.64,11,227.93,68.72,0.0,305.76,83.91,221.36,9.19,11,13.25,4.0,0.29,18.09,5.19,13.18,46,11,4.18,32.0,5.0,6.4,31.0,3.0,10.33,38.0,3.0,12.67
Summer 2023,Lutoban South MPA,8.72,18,4.75,1.12,6.36,11.08,7.6,9.84,11.33,18,11.35,2.68,5.69,16.98,8.66,14.01,14.06,18,7.07,1.67,10.54,17.57,12.39,15.72,57.22,18,33.96,8.01,40.33,74.11,49.22,65.23,394.72,18,162.6,38.33,313.86,475.58,356.4,433.05,486.06,18,186.68,44.0,393.22,578.89,442.06,530.06,7.98,18,4.98,1.17,5.51,10.46,6.81,9.16,56.56,18,73.7,17.37,19.9,93.21,39.18,73.93,3.33,18,4.48,1.05,1.1,5.55,2.27,4.38,43,18,2.39,32.0,5.0,6.4,35.0,7.0,5.0,29.0,6.0,4.83
Summer 2023,Salag MPA,10.0,17,6.13,1.49,6.85,13.15,8.51,11.49,12.59,17,4.6,1.11,10.22,14.95,11.47,13.7,2.47,17,2.58,0.62,1.15,3.8,1.85,3.1,47.88,17,22.47,5.45,36.33,59.43,42.43,53.33,359.06,17,331.76,80.46,188.48,529.64,278.59,439.52,432.0,17,354.19,85.9,249.89,614.11,346.1,517.9,10.34,17,8.97,2.18,5.72,14.95,8.16,12.51,34.94,17,30.03,7.28,19.5,50.38,27.66,42.22,3.9,17,4.26,1.03,1.71,6.09,2.87,4.94,45,17,2.65,27.0,6.0,4.5,28.0,6.0,4.67,37.0,5.0,7.4
Summer 2023,Latason MPA,5.27,11,5.8,1.75,1.38,9.17,3.52,7.02,8.73,11,8.15,2.46,3.25,14.2,6.27,11.18,7.82,11,5.25,1.58,4.29,11.35,6.24,9.4,21.27,11,22.37,6.74,6.25,36.3,14.53,28.02,239.36,11,181.02,54.58,117.75,360.97,184.78,293.94,282.45,11,197.75,59.62,149.6,415.31,222.83,342.08,4.63,11,4.75,1.43,1.43,7.82,3.19,6.06,44.45,11,59.66,17.99,4.38,84.53,26.47,62.44,2.62,11,3.92,1.18,0.0,5.25,1.43,3.8,30,11,2.73,19.0,6.0,3.17,27.0,5.0,5.4,,,
Summer 2023,Maluay Malatapay MPA,10.53,17,8.73,2.12,6.04,15.02,8.41,12.65,10.71,17,6.36,1.54,7.44,13.98,9.16,12.25,14.47,17,7.57,1.84,10.58,18.36,12.64,16.31,49.41,17,25.44,6.17,36.33,62.49,43.24,55.58,437.18,17,273.71,66.38,296.45,577.9,370.79,503.56,522.29,17,303.77,73.67,366.11,678.48,448.62,595.97,9.57,17,5.82,1.41,6.57,12.56,8.15,10.98,67.06,17,96.89,23.5,17.24,116.88,43.56,90.56,3.38,17,3.81,0.92,1.42,5.34,2.46,4.3,51,17,3.0,37.0,7.0,5.29,38.0,5.0,7.6,37.0,5.0,7.4
Autumn 2023,Kookoos,9.75,12,5.05,1.46,6.54,12.96,8.29,11.21,9.5,12,4.89,1.41,6.39,12.61,8.09,10.91,8.0,12,3.41,0.98,5.83,10.17,7.02,8.98,44.0,12,28.59,8.25,25.83,62.17,35.75,52.25,482.42,12,309.41,89.32,285.83,679.0,393.1,571.73,553.67,12,313.31,90.45,354.6,752.74,463.22,644.11,7.03,12,6.1,1.76,3.16,10.91,5.27,8.79,75.83,12,87.26,25.19,20.39,131.27,50.64,101.02,3.24,12,4.88,1.41,0.14,6.34,1.83,4.64,29,12,2.42,19.0,4.0,4.75,24.0,4.0,6.0,24.0,4.0,6.0
Autumn 2023,Lutoban South MPA,7.33,12,4.56,1.32,4.44,10.23,6.02,8.65,17.92,12,13.61,3.93,9.27,26.56,13.99,21.84,14.17,12,3.76,1.09,11.78,16.56,13.08,15.25,61.0,12,59.34,17.13,23.3,98.7,43.87,78.13,381.67,12,84.89,24.51,327.73,435.6,357.16,406.17,482.08,12,111.52,32.19,411.23,552.94,449.89,514.28,4.64,12,1.54,0.44,3.66,5.61,4.19,5.08,35.67,12,23.24,6.71,20.9,50.43,28.96,42.38,1.43,12,1.23,0.36,0.65,2.21,1.07,1.79,31,12,2.58,22.0,4.0,5.5,25.0,4.0,6.25,27.0,4.0,6.75
Autumn 2023,Lutoban Pier,14.88,8,12.38,4.38,4.52,25.23,10.5,19.25,14.12,8,6.03,2.13,9.08,19.17,11.99,16.26,11.75,8,8.89,3.14,4.32,19.18,8.61,14.89,116.75,8,62.38,22.05,64.6,168.9,94.7,138.8,954.38,8,645.85,228.34,414.43,1494.32,726.03,1182.72,1111.88,8,680.52,240.6,542.94,1680.81,871.27,1352.48,36.02,8,34.2,12.09,7.43,64.61,23.93,48.11,437.5,8,472.46,167.04,42.51,832.49,270.46,604.54,27.59,8,29.9,10.57,2.59,52.59,17.02,38.16,33,8,4.12,22.0,2.0,11.0,26.0,2.0,13.0,29.0,4.0,7.25
Autumn 2023,Lutoban North MPA,9.4,10,4.58,1.45,6.13,12.67,7.95,10.85,14.7,10,15.05,4.76,3.93,25.47,9.94,19.46,12.2,10,5.88,1.86,7.99,16.41,10.34,14.06,66.0,10,35.61,11.26,40.53,91.47,54.74,77.26,463.9,10,189.18,59.82,328.57,599.23,404.08,523.72,566.2,10,205.72,65.05,419.04,713.36,501.15,631.25,10.1,10,7.3,2.31,4.88,15.32,7.79,12.41,77.9,10,72.53,22.93,26.02,129.78,54.97,100.83,5.42,10,6.58,2.08,0.71,10.13,3.34,7.5,33,10,3.3,22.0,3.0,7.33,29.0,3.0,9.67,23.0,4.0,5.75
Autumn 2023,Latason MPA,18.0,6,11.7,4.77,5.73,30.27,13.23,22.77,18.5,6,14.49,5.91,3.3,33.7,12.59,24.41,11.0,6,6.63,2.71,4.04,17.96,8.29,13.71,50.67,6,32.17,13.13,16.91,84.42,37.53,63.8,487.5,6,223.82,91.37,252.62,722.38,396.13,578.87,585.67,6,242.54,99.02,331.13,840.2,486.65,684.68,14.04,6,11.35,4.63,2.12,25.95,9.4,18.67,122.83,6,112.46,45.91,4.82,240.85,76.92,168.74,6.69,6,6.44,2.63,0.0,13.45,4.07,9.32,33,6,5.5,22.0,3.0,7.33,30.0,3.0,10.0,,,
Autumn 2023,Maluay Malatapay MPA,8.07,14,4.65,1.24,5.39,10.76,6.83,9.31,17.21,14,10.59,2.83,11.1,23.33,14.38,20.05,11.71,14,5.98,1.6,8.26,15.17,10.12,13.31,83.5,14,52.39,14.0,53.25,113.75,69.5,97.5,296.21,14,236.11,63.1,159.89,432.54,233.11,359.32,416.71,14,243.35,65.04,276.21,557.22,351.68,481.75,6.42,14,5.2,1.39,3.42,9.42,5.03,7.81,57.14,14,52.7,14.09,26.71,87.57,43.06,71.23,3.17,14,3.71,0.99,1.03,5.31,2.18,4.16,33,14,2.36,22.0,4.0,5.5,30.0,5.0,6.0,26.0,5.0,5.2
Autumn 2023,Guinsuan MPA,9.8,5,6.98,3.12,1.13,18.47,6.68,12.92,13.2,5,12.38,5.54,0.0,28.57,7.66,18.74,6.0,5,5.1,2.28,0.0,12.33,3.72,8.28,72.6,5,68.72,30.73,0.0,157.92,41.87,103.33,299.6,5,248.79,111.26,0.0,608.51,188.34,410.86,401.2,5,316.27,141.44,8.5,793.9,259.76,542.64,18.57,5,16.67,7.45,0.0,39.27,11.12,26.02,138.2,5,182.38,81.56,0.0,364.66,56.64,219.76,16.24,5,15.99,7.15,0.0,36.09,9.08,23.39,26,5,5.2,,,,26.0,3.0,8.67,16.0,2.0,8.0
Autumn 2023,Salag MPA,9.25,12,4.03,1.16,6.69,11.81,8.09,10.41,24.75,12,11.24,3.25,17.61,31.89,21.5,28.0,3.75,12,2.53,0.73,2.14,5.36,3.02,4.48,51.83,12,26.8,7.74,34.81,68.86,44.1,59.57,326.92,12,151.41,43.71,230.71,423.12,283.21,370.63,416.5,12,168.34,48.59,309.54,523.46,367.91,465.09,5.9,12,2.44,0.7,4.35,7.45,5.2,6.61,39.67,12,23.95,6.91,24.45,54.89,32.75,46.58,2.34,12,1.42,0.41,1.44,3.24,1.93,2.75,32,12,2.67,21.0,4.0,5.25,27.0,4.0,6.75,27.0,4.0,6.75
Autumn 2023,Basak Can-Unsang MPA,23.88,8,11.37,4.02,14.37,33.38,19.86,27.89,23.88,8,11.08,3.92,14.61,33.14,19.96,27.79,12.25,8,6.09,2.15,7.16,17.34,10.1,14.4,106.88,8,45.15,15.96,69.13,144.62,90.91,122.84,521.38,8,164.78,58.26,383.61,659.14,463.12,579.63,688.25,8,206.41,72.98,515.69,860.81,615.27,761.23,19.83,8,10.24,3.62,11.26,28.39,16.21,23.45,114.38,8,115.91,40.98,17.47,211.28,73.39,155.36,12.46,8,9.5,3.36,4.52,20.41,9.1,15.82,34,8,4.25,22.0,2.0,11.0,29.0,3.0,9.67,27.0,3.0,9.0
Autumn 2023,Antulang,9.75,8,6.54,2.31,4.28,15.22,7.44,12.06,16.75,8,10.14,3.58,8.27,25.23,13.17,20.33,17.12,8,9.72,3.44,9.0,25.25,13.69,20.56,40.38,8,19.94,7.05,23.71,57.04,33.33,47.42,521.12,8,175.98,62.22,374.0,668.25,458.91,583.34,605.12,8,198.32,70.12,439.32,770.93,535.01,675.24,6.8,8,2.41,0.85,4.78,8.82,5.95,7.65,53.88,8,44.29,15.66,16.85,90.9,38.22,69.53,2.14,8,1.1,0.39,1.22,3.06,1.75,2.53,31,8,3.88,26.0,3.0,8.67,21.0,2.0,10.5,24.0,3.0,8.0
Autumn 2023,Andulay MPA,19.5,6,6.53,2.67,12.64,26.36,16.83,22.17,21.5,6,6.28,2.57,14.9,28.1,18.93,24.07,23.17,6,10.11,4.13,12.56,33.77,19.04,27.29,175.5,6,82.89,33.84,88.51,262.49,141.66,209.34,815.33,6,101.32,41.36,709.01,921.66,773.97,856.7,1055.0,6,108.8,44.42,940.82,1169.18,1010.58,1099.42,17.89,6,5.91,2.41,11.69,24.09,15.47,20.3,77.33,6,33.15,13.53,42.54,112.12,63.8,90.87,8.13,6,4.95,2.02,2.93,13.32,6.1,10.15,33,6,5.5,25.0,2.0,12.5,31.0,2.0,15.5,29.0,2.0,14.5
Autumn 2023,Dalakit MPA,26.0,1,,,,,,,69.0,1,,,,,,,14.0,1,,,,,,,258.0,1,,,,,,,532.0,1,,,,,,,899.0,1,,,,,,,56.32,1,,,,,,,152.0,1,,,,,,,47.11,1,,,,,,,24,1,24.0,24.0,1.0,24.0,,,,,,
Winter 23/24,Guinsuan MPA,13.82,11,9.09,2.74,7.71,19.92,11.08,16.56,26.64,11,17.18,5.18,15.09,38.18,21.46,31.82,10.73,11,8.34,2.52,5.12,16.33,8.21,13.24,85.36,11,65.84,19.85,41.14,129.59,65.51,105.21,667.55,11,411.2,123.98,391.3,943.79,543.56,791.53,804.09,11,480.17,144.78,481.51,1126.67,659.31,948.87,19.23,11,11.86,3.58,11.26,27.19,15.65,22.8,236.64,11,201.68,60.81,101.15,372.13,175.83,297.44,11.52,11,8.99,2.71,5.47,17.56,8.8,14.23,35,11,3.18,28.0,3.0,9.33,28.0,4.0,7.0,27.0,4.0,6.75
Winter 23/24,Kookoos,10.32,19,4.27,0.98,8.26,12.37,9.34,11.3,13.95,19,6.48,1.49,10.82,17.07,12.46,15.44,8.26,19,6.14,1.41,5.31,11.22,6.86,9.67,60.89,19,53.92,12.37,34.91,86.88,48.53,73.26,473.74,19,153.73,35.27,399.64,547.83,438.47,509.01,567.16,19,140.46,32.22,499.46,634.86,534.93,599.38,13.81,19,25.08,5.75,1.73,25.9,8.06,19.56,54.68,19,68.8,15.78,21.52,87.84,38.9,70.47,9.12,19,25.44,5.84,0.0,21.39,3.29,14.96,34,19,1.79,20.0,6.0,3.33,25.0,7.0,3.57,28.0,6.0,4.67
Winter 23/24,Dalakit MPA,10.5,2,0.71,0.5,4.15,16.85,10.0,11.0,36.5,2,37.48,26.5,0.0,373.21,10.0,63.0,8.0,2,1.41,1.0,0.0,20.71,7.0,9.0,123.0,2,89.1,63.0,0.0,923.49,60.0,186.0,374.5,2,61.52,43.5,0.0,927.22,331.0,418.0,552.5,2,187.38,132.5,0.0,2236.07,420.0,685.0,10.85,2,0.08,0.05,10.17,11.52,10.79,10.9,59.5,2,24.75,17.5,0.0,281.86,42.0,77.0,5.78,2,1.18,0.83,0.0,16.34,4.95,6.61,18,2,9.0,18.0,2.0,9.0,,,,,,
Winter 23/24,Basak Can-Unsang MPA,26.14,14,19.97,5.34,14.61,37.67,20.8,31.48,27.5,14,21.61,5.78,15.02,39.98,21.72,33.28,11.5,14,7.24,1.94,7.32,15.68,9.56,13.44,138.71,14,188.37,50.34,29.95,247.48,88.37,189.06,631.07,14,325.54,87.01,443.11,819.04,544.07,718.08,834.93,14,492.4,131.6,550.63,1119.23,703.33,966.53,29.81,14,26.57,7.1,14.47,45.15,22.71,36.91,267.79,14,320.56,85.67,82.7,452.87,182.11,353.46,20.99,14,24.68,6.6,6.74,35.24,14.39,27.59,34,14,2.43,28.0,5.0,5.6,28.0,5.0,5.6,31.0,4.0,7.75
Winter 23/24,Antulang,12.94,16,7.61,1.9,8.88,16.99,11.03,14.84,17.94,16,15.14,3.79,9.87,26.01,14.15,21.72,17.06,16,9.86,2.46,11.81,22.31,14.6,19.53,50.69,16,32.27,8.07,33.49,67.88,42.62,58.76,578.44,16,431.31,107.83,348.61,808.26,470.61,686.26,677.06,16,465.69,116.42,428.91,925.21,560.64,793.49,14.18,16,18.39,4.6,4.38,23.98,9.58,18.77,105.5,16,251.74,62.94,0.0,239.65,42.56,168.44,7.85,16,15.36,3.84,0.0,16.03,4.01,11.68,30,16,1.88,24.0,5.0,4.8,24.0,6.0,4.0,27.0,5.0,5.4
Winter 23/24,Latason MPA,12.5,8,17.85,6.31,0.0,27.42,6.19,18.81,9.75,8,7.42,2.62,3.55,15.95,7.13,12.37,11.75,8,8.12,2.87,4.96,18.54,8.88,14.62,41.88,8,58.92,20.83,0.0,91.13,21.04,62.71,547.12,8,636.27,224.96,15.19,1079.06,322.17,772.08,623.0,8,704.65,249.13,33.9,1212.1,373.87,872.13,15.13,8,19.91,7.04,0.0,31.78,8.09,22.17,196.62,8,370.31,130.92,0.0,506.21,65.7,327.55,8.29,8,13.66,4.83,0.0,19.71,3.46,13.12,29,8,3.62,24.0,5.0,4.8,24.0,3.0,8.0,,,
Winter 23/24,Salag MPA,8.93,15,5.34,1.38,5.98,11.89,7.56,10.31,21.07,15,18.61,4.81,10.76,31.37,16.26,25.87,4.87,15,6.42,1.66,1.31,8.42,3.21,6.53,67.0,15,45.45,11.73,41.83,92.17,55.27,78.73,533.47,15,243.77,62.94,398.47,668.46,470.53,596.41,635.33,15,259.18,66.92,491.81,778.86,568.41,702.25,26.84,15,38.42,9.92,5.56,48.12,16.92,36.76,85.27,15,115.75,29.89,21.17,149.36,55.38,115.15,21.04,15,38.19,9.86,0.0,42.18,11.18,30.9,36,15,2.4,27.0,6.0,4.5,27.0,5.0,5.4,29.0,4.0,7.25
Winter 23/24,Lutoban Pier,15.1,10,7.78,2.46,9.53,20.67,12.64,17.56,15.9,10,10.09,3.19,8.68,23.12,12.71,19.09,14.8,10,11.72,3.71,6.42,23.18,11.09,18.51,140.0,10,127.11,40.2,49.07,230.93,99.8,180.2,742.3,10,580.64,183.61,326.93,1157.67,558.69,925.91,928.1,10,674.33,213.24,445.72,1410.48,714.86,1141.34,27.31,10,20.16,6.37,12.89,41.73,20.94,33.69,181.2,10,214.33,67.78,27.88,334.52,113.42,248.98,15.07,10,13.89,4.39,5.13,25.01,10.68,19.46,35,10,3.5,28.0,2.0,14.0,28.0,4.0,7.0,26.0,4.0,6.5
Winter 23/24,Maluay Malatapay MPA,14.23,13,13.55,3.76,6.04,22.42,10.47,17.99,22.62,13,12.68,3.52,14.95,30.28,19.1,26.13,19.08,13,16.97,4.71,8.82,29.33,14.37,23.78,189.69,13,170.76,47.36,86.5,292.88,142.33,237.05,415.15,13,226.07,62.7,278.54,551.77,352.45,477.86,660.77,13,276.88,76.79,493.45,828.09,583.98,737.56,14.58,13,9.46,2.62,8.86,20.29,11.95,17.2,94.69,13,56.35,15.63,60.64,128.75,79.06,110.32,8.31,13,8.05,2.23,3.45,13.18,6.08,10.55,34,13,2.62,27.0,3.0,9.0,29.0,6.0,4.83,24.0,4.0,6.0
Winter 23/24,Lutoban South MPA,12.33,12,7.67,2.21,7.46,17.2,10.12,14.55,28.58,12,18.33,5.29,16.94,40.23,23.29,33.87,14.0,12,11.55,3.33,6.66,21.34,10.67,17.33,79.67,12,57.76,16.67,42.97,116.37,62.99,96.34,581.42,12,305.16,88.09,387.53,775.3,493.33,669.51,716.0,12,377.15,108.87,476.37,955.63,607.13,824.87,12.14,12,9.09,2.63,6.36,17.92,9.51,14.76,123.75,12,153.66,44.36,26.12,221.38,79.39,168.11,5.66,12,6.08,1.75,1.8,9.52,3.9,7.41,35,12,2.92,25.0,3.0,8.33,25.0,3.0,8.33,29.0,6.0,4.83
Winter 23/24,Andulay MPA,19.53,17,24.73,6.0,6.81,32.25,13.53,25.53,18.76,17,12.05,2.92,12.57,24.96,15.84,21.69,12.76,17,10.59,2.57,7.32,18.21,10.2,15.33,122.0,17,95.13,23.07,73.09,170.91,98.93,145.07,626.59,17,275.2,66.75,485.09,768.08,559.84,693.33,799.65,17,289.22,70.15,650.94,948.35,729.5,869.79,11.95,17,4.73,1.15,9.52,14.38,10.81,13.1,57.41,17,51.04,12.38,31.17,83.66,45.03,69.79,3.96,17,3.3,0.8,2.26,5.66,3.16,4.76,37,17,2.18,29.0,7.0,4.14,30.0,6.0,5.0,29.0,4.0,7.25
Winter 23/24,Lutoban North MPA,16.25,12,9.92,2.86,9.95,22.55,13.39,19.11,16.58,12,8.67,2.5,11.07,22.09,14.08,19.09,10.17,12,4.49,1.3,7.31,13.02,8.87,11.46,55.5,12,36.52,10.54,32.3,78.7,44.96,66.04,728.75,12,501.82,144.86,409.91,1047.59,583.89,873.61,827.25,12,542.21,156.52,482.74,1171.76,670.73,983.77,16.61,12,12.83,3.7,8.46,24.77,12.91,20.32,262.08,12,421.76,121.75,0.0,530.06,140.33,383.84,8.41,12,10.92,3.15,1.47,15.35,5.26,11.56,33,12,2.75,25.0,2.0,12.5,29.0,5.0,5.8,30.0,5.0,6.0
Spring 2024,Lutoban South MPA,12.36,11,7.49,2.26,7.33,17.39,10.11,14.62,15.18,11,10.71,3.23,7.98,22.38,11.95,18.41,11.82,11,6.03,1.82,7.77,15.87,10.0,13.64,91.27,11,77.42,23.34,39.26,143.28,67.93,114.62,540.18,11,265.09,79.93,362.1,718.27,460.26,620.11,670.82,11,274.27,82.7,486.56,855.07,588.12,753.51,11.77,11,5.61,1.69,8.0,15.54,10.08,13.46,76.82,11,83.87,25.29,20.48,133.16,51.53,102.1,3.76,11,2.73,0.82,1.92,5.59,2.93,4.58,32,11,2.91,22.0,3.0,7.33,26.0,4.0,6.5,25.0,4.0,6.25
Spring 2024,Santa Catalina Manalongon,4.5,2,6.36,4.5,0.0,61.68,0.0,9.0,30.5,2,21.92,15.5,0.0,227.45,15.0,46.0,8.0,2,7.07,5.0,0.0,71.53,3.0,13.0,85.5,2,62.93,44.5,0.0,650.93,41.0,130.0,150.5,2,48.79,34.5,0.0,588.86,116.0,185.0,279.0,2,147.08,104.0,0.0,1600.45,175.0,383.0,5.46,2,1.4,0.99,0.0,18.05,4.47,6.45,48.5,2,44.55,31.5,0.0,448.75,17.0,80.0,2.47,2,1.84,1.3,0.0,19.05,1.17,3.78,21,2,10.5,21.0,2.0,10.5,,,,,,
Spring 2024,Santa Catalina Cawitan,45.0,1,,,,,,,42.0,1,,,,,,,22.0,1,,,,,,,634.0,1,,,,,,,670.0,1,,,,,,,1413.0,1,,,,,,,55.3,1,,,,,,,934.0,1,,,,,,,43.0,1,,,,,,,24,1,24.0,24.0,1.0,24.0,,,,,,
Spring 2024,Salag MPA,13.88,16,6.54,1.64,10.39,17.36,12.24,15.51,14.31,16,5.04,1.26,11.63,17.0,13.05,15.57,6.25,16,4.91,1.23,3.64,8.86,5.02,7.48,91.69,16,52.38,13.09,63.78,119.6,78.59,104.78,653.81,16,351.21,87.8,466.66,840.96,566.01,741.62,779.94,16,356.1,89.02,590.19,969.69,690.91,868.96,19.29,16,16.61,4.15,10.44,28.15,15.14,23.45,109.19,16,100.18,25.05,55.8,162.57,84.14,134.23,12.57,16,14.12,3.53,5.05,20.1,9.04,16.1,38,16,2.38,27.0,5.0,5.4,35.0,6.0,5.83,30.0,5.0,6.0
Spring 2024,Maluay Malatapay MPA,9.92,12,9.11,2.63,4.13,15.7,7.29,12.55,14.67,12,6.3,1.82,10.66,18.67,12.85,16.49,12.67,12,6.46,1.86,8.56,16.77,10.8,14.53,86.08,12,76.69,22.14,37.36,134.81,63.94,108.22,417.08,12,360.15,103.97,188.25,645.91,313.12,521.05,540.42,12,397.04,114.62,288.15,792.69,425.8,655.03,15.65,12,17.33,5.0,4.64,26.66,10.65,20.65,89.67,12,166.7,48.12,0.0,195.59,41.54,137.79,7.33,12,16.09,4.65,0.0,17.56,2.69,11.98,34,12,2.83,23.0,2.0,11.5,24.0,5.0,4.8,30.0,5.0,6.0
Spring 2024,Andulay MPA,13.3,10,8.86,2.8,6.96,19.64,10.5,16.1,16.6,10,7.71,2.44,11.09,22.11,14.16,19.04,16.7,10,9.64,3.05,9.81,23.59,13.65,19.75,200.5,10,126.63,40.04,109.92,291.08,160.46,240.54,757.9,10,527.48,166.8,380.57,1135.23,591.1,924.7,1005.0,10,602.19,190.43,574.22,1435.78,814.57,1195.43,27.03,10,18.24,5.77,13.98,40.07,21.26,32.79,162.8,10,174.62,55.22,37.88,287.72,107.58,218.02,14.84,10,13.61,4.3,5.1,24.57,10.53,19.14,37,10,3.7,23.0,2.0,11.5,31.0,2.0,15.5,26.0,6.0,4.33
Spring 2024,Antulang,11.08,13,7.17,1.99,6.74,15.41,9.09,13.07,14.69,13,4.59,1.27,11.92,17.47,13.42,15.97,17.08,13,10.39,2.88,10.8,23.35,14.2,19.96,80.85,13,60.23,16.7,44.45,117.24,64.14,97.55,452.46,13,236.74,65.66,309.4,595.52,386.8,518.12,576.15,13,274.44,76.12,410.31,742.0,500.04,652.27,7.78,13,8.2,2.27,2.82,12.73,5.5,10.05,29.69,13,17.49,4.85,19.13,40.26,24.84,34.54,1.49,13,1.43,0.4,0.63,2.36,1.1,1.89,34,13,2.62,26.0,5.0,5.2,27.0,5.0,5.4,23.0,3.0,7.67
Spring 2024,Basak Can-Unsang MPA,24.5,12,12.54,3.62,16.53,32.47,20.88,28.12,34.75,12,23.88,6.89,19.58,49.92,27.86,41.64,11.08,12,4.06,1.17,8.51,13.66,9.91,12.25,117.25,12,73.07,21.09,70.82,163.68,96.16,138.34,688.33,12,328.82,94.92,479.41,897.26,593.41,783.26,875.92,12,413.25,119.29,613.35,1138.48,756.62,995.21,40.73,12,31.09,8.98,20.98,60.49,31.76,49.71,241.75,12,220.09,63.54,101.91,381.59,178.21,305.29,25.6,12,28.31,8.17,7.61,43.59,17.42,33.77,37,12,3.08,28.0,4.0,7.0,29.0,5.0,5.8,32.0,3.0,10.67
Spring 2024,Dalakit MPA,15.25,4,4.86,2.43,7.52,22.98,12.82,17.68,23.0,4,6.63,3.32,12.45,33.55,19.68,26.32,9.5,4,5.74,2.87,0.36,18.64,6.63,12.37,140.0,4,160.01,80.01,0.0,394.62,59.99,220.01,276.75,4,105.35,52.67,109.12,444.38,224.08,329.42,464.5,4,193.95,96.97,155.88,773.12,367.53,561.47,16.63,4,5.25,2.62,8.28,24.98,14.0,19.25,74.5,4,18.63,9.31,44.86,104.14,65.19,83.81,10.95,4,2.19,1.09,7.47,14.43,9.85,12.04,29,4,7.25,29.0,4.0,7.25,,,,,,
Spring 2024,Guinsuan MPA,11.0,8,4.72,1.67,7.05,14.95,9.33,12.67,31.0,8,18.73,6.62,15.34,46.66,24.38,37.62,9.38,8,9.13,3.23,1.74,17.01,6.15,12.6,85.75,8,35.22,12.45,56.3,115.2,73.3,98.2,588.25,8,250.18,88.45,379.09,797.41,499.8,676.7,725.38,8,257.82,91.15,509.83,940.92,634.22,816.53,9.85,8,3.57,1.26,6.86,12.83,8.58,11.11,106.12,8,86.11,30.44,34.14,178.11,75.68,136.57,3.91,8,2.96,1.05,1.43,6.38,2.86,4.95,31,8,3.88,21.0,3.0,7.0,30.0,4.0,7.5,22.0,1.0,22.0
Spring 2024,Kookoos,11.56,16,5.05,1.26,8.87,14.25,10.3,12.82,9.81,16,4.42,1.1,7.46,12.17,8.71,10.92,5.88,16,2.9,0.72,4.33,7.42,5.15,6.6,114.19,16,88.57,22.14,66.99,161.38,92.04,136.33,589.06,16,368.03,92.01,392.95,785.17,497.05,681.07,730.5,16,376.35,94.09,529.96,931.04,636.41,824.59,18.33,16,19.1,4.78,8.15,28.51,13.56,23.11,90.62,16,125.58,31.39,23.71,157.54,59.23,122.02,8.58,16,12.98,3.25,1.66,15.5,5.33,11.82,35,16,2.19,18.0,4.0,4.5,31.0,6.0,5.17,27.0,6.0,4.5
Spring 2024,Latason MPA,18.6,5,7.4,3.31,9.41,27.79,15.29,21.91,20.6,5,19.81,8.86,0.0,45.19,11.74,29.46,14.0,5,7.18,3.21,5.09,22.91,10.79,17.21,80.4,5,23.48,10.5,51.25,109.55,69.9,90.9,474.2,5,199.83,89.37,226.08,722.32,384.83,563.57,607.8,5,206.65,92.41,351.22,864.38,515.39,700.21,17.77,5,13.86,6.2,0.56,34.97,11.57,23.96,46.0,5,26.33,11.78,13.3,78.7,34.22,57.78,3.77,5,3.16,1.41,0.0,7.7,2.36,5.19,31,5,6.2,24.0,2.0,12.0,28.0,3.0,9.33,,,
Spring 2024,Lutoban North MPA,20.25,8,5.8,2.05,15.4,25.1,18.2,22.3,35.25,8,17.51,6.19,20.61,49.89,29.06,41.44,21.75,8,8.15,2.88,14.93,28.57,18.87,24.63,97.5,8,27.51,9.72,74.5,120.5,87.78,107.22,874.0,8,338.96,119.84,590.63,1157.37,754.16,993.84,1048.75,8,362.73,128.24,745.5,1352.0,920.51,1176.99,17.0,8,7.58,2.68,10.66,23.34,14.32,19.68,114.88,8,69.75,24.66,56.57,173.18,90.22,139.53,7.31,8,5.24,1.85,2.93,11.69,5.46,9.17,35,8,4.38,32.0,3.0,10.67,30.0,3.0,10.0,25.0,2.0,12.5
Spring 2024,Lutoban Pier,14.82,11,6.03,1.82,10.77,18.87,13.0,16.64,9.0,11,3.77,1.14,6.47,11.53,7.86,10.14,8.64,11,5.8,1.75,4.74,12.53,6.89,10.39,107.82,11,82.64,24.92,52.3,163.34,82.9,132.74,627.36,11,408.9,123.29,352.66,902.07,504.07,750.65,767.64,11,419.99,126.63,485.48,1049.79,641.0,894.27,24.53,11,26.81,8.08,6.52,42.54,16.44,32.61,153.27,11,158.91,47.91,46.52,260.03,105.36,201.18,10.98,11,11.3,3.41,3.38,18.57,7.57,14.39,34,11,3.09,27.0,5.0,5.4,26.0,3.0,8.67,28.0,3.0,9.33
Summer 2024,Maluay Malatapay MPA,10.25,8,5.18,1.83,5.92,14.58,8.42,12.08,14.62,8,8.62,3.05,7.42,21.83,11.58,17.67,16.88,8,7.55,2.67,10.56,23.19,14.21,19.54,140.38,8,141.58,50.06,22.01,258.74,90.32,190.43,382.75,8,164.45,58.14,245.26,520.24,324.61,440.89,564.88,8,243.36,86.04,361.42,768.33,478.84,650.91,11.0,8,9.68,3.42,2.91,19.1,7.58,14.43,101.62,8,153.23,54.18,0.0,229.73,47.45,155.8,5.69,8,9.71,3.43,0.0,13.8,2.26,9.12,34,8,4.25,24.0,2.0,12.0,29.0,4.0,7.25,20.0,2.0,10.0
Summer 2024,Salag MPA,11.3,10,4.11,1.3,8.36,14.24,10.0,12.6,11.8,10,4.69,1.48,8.45,15.15,10.32,13.28,3.1,10,2.77,0.87,1.12,5.08,2.23,3.97,53.4,10,25.31,8.0,35.29,71.51,45.4,61.4,345.9,10,153.89,48.66,235.81,455.99,297.24,394.56,425.5,10,169.74,53.68,304.07,546.93,371.82,479.18,16.16,10,24.58,7.77,0.0,33.74,8.38,23.93,76.4,10,63.16,19.97,31.22,121.58,56.43,96.37,12.59,10,24.44,7.73,0.0,30.08,4.86,20.32,36,10,3.6,22.0,2.0,11.0,30.0,4.0,7.5,28.0,4.0,7.0
Summer 2024,Antulang,13.64,11,4.43,1.34,10.66,16.61,12.3,14.97,13.82,11,4.98,1.5,10.48,17.16,12.32,15.32,22.36,11,10.95,3.3,15.01,29.72,19.06,25.66,105.55,11,73.76,22.24,55.99,155.1,83.31,127.78,676.91,11,320.67,96.69,461.48,892.34,580.22,773.59,832.27,11,381.54,115.04,575.95,1088.59,717.24,947.31,12.01,11,11.45,3.45,4.32,19.7,8.56,15.47,88.45,11,101.14,30.49,20.51,156.4,57.96,118.95,6.5,11,10.0,3.02,0.0,13.22,3.49,9.52,33,11,3.0,25.0,3.0,8.33,23.0,3.0,7.67,29.0,5.0,5.8
Summer 2024,Basak Can-Unsang MPA,20.91,11,13.16,3.97,12.07,29.75,16.94,24.88,37.18,11,46.76,14.1,5.77,68.59,23.08,51.28,10.64,11,10.22,3.08,3.77,17.5,7.55,13.72,101.27,11,53.8,16.22,65.13,137.41,85.05,117.49,562.64,11,291.56,87.91,366.77,758.51,474.73,650.54,732.64,11,356.25,107.41,493.31,971.97,625.22,840.05,30.8,11,39.29,11.85,4.4,57.19,18.95,42.64,201.09,11,192.41,58.01,71.83,330.35,143.08,259.1,24.69,11,38.87,11.72,0.0,50.8,12.97,36.41,42,11,3.82,30.0,3.0,10.0,36.0,5.0,7.2,32.0,3.0,10.67
Summer 2024,Andulay MPA,16.4,10,12.19,3.86,7.68,25.12,12.54,20.26,17.9,10,8.96,2.83,11.49,24.31,15.07,20.73,19.3,10,9.07,2.87,12.81,25.79,16.43,22.17,133.2,10,53.94,17.06,94.61,171.79,116.14,150.26,926.7,10,403.05,127.45,638.38,1215.02,799.25,1054.15,1113.5,10,439.15,138.87,799.35,1427.65,974.63,1252.37,11.21,10,5.15,1.63,7.52,14.89,9.58,12.84,127.6,10,190.61,60.28,0.0,263.95,67.32,187.88,3.68,10,2.74,0.87,1.72,5.64,2.82,4.55,32,10,3.2,27.0,2.0,13.5,25.0,3.0,8.33,29.0,5.0,5.8
Summer 2024,Lutoban North MPA,14.75,8,9.29,3.28,6.99,22.51,11.47,18.03,19.0,8,5.55,1.96,14.36,23.64,17.04,20.96,17.0,8,14.96,5.29,4.5,29.5,11.71,22.29,173.38,8,137.12,48.48,58.74,288.01,124.89,221.86,698.62,8,480.22,169.78,297.15,1100.1,528.84,868.41,922.75,8,606.12,214.29,416.02,1429.48,708.46,1137.04,8.14,8,6.79,2.4,2.46,13.82,5.74,10.54,74.75,8,129.74,45.87,0.0,183.22,28.88,120.62,2.03,8,1.92,0.68,0.43,3.64,1.36,2.71,32,8,4.0,26.0,2.0,13.0,24.0,3.0,8.0,19.0,3.0,6.33
Summer 2024,Lutoban South MPA,6.45,11,3.27,0.99,4.26,8.65,5.47,7.44,8.0,11,2.61,0.79,6.25,9.75,7.21,8.79,8.73,11,5.02,1.51,5.35,12.1,7.21,10.24,73.27,11,54.89,16.55,36.39,110.15,56.72,89.82,346.73,11,155.4,46.86,242.32,451.13,299.87,393.58,443.18,11,159.43,48.07,336.08,550.29,395.11,491.25,7.67,11,4.44,1.34,4.69,10.65,6.33,9.01,45.55,11,58.35,17.59,6.34,84.75,27.95,63.14,4.15,11,4.05,1.22,1.43,6.87,2.93,5.37,30,11,2.73,19.0,3.0,6.33,24.0,4.0,6.0,21.0,4.0,5.25
Summer 2024,Lutoban Pier,14.67,9,8.05,2.68,8.48,20.85,11.98,17.35,17.22,9,14.42,4.81,6.14,28.31,12.42,22.03,11.78,9,7.38,2.46,6.11,17.45,9.32,14.24,214.0,9,179.43,59.81,76.08,351.92,154.19,273.81,666.78,9,271.94,90.65,457.74,875.81,576.13,757.43,924.44,9,437.7,145.9,588.0,1260.89,778.54,1070.34,16.13,9,17.91,5.97,2.37,29.9,10.16,22.1,180.22,9,233.66,77.89,0.62,359.83,102.34,258.11,9.6,9,16.07,5.36,0.0,21.95,4.24,14.96,29,9,3.22,19.0,4.0,4.75,21.0,3.0,7.0,26.0,2.0,13.0
Summer 2024,Latason MPA,7.83,6,3.71,1.51,3.94,11.73,6.32,9.35,13.67,6,7.87,3.21,5.41,21.92,10.46,16.88,10.17,6,5.74,2.34,4.14,16.19,7.82,12.51,53.83,6,39.02,15.93,12.88,94.78,37.9,69.76,565.83,6,677.21,276.47,0.0,1276.52,289.37,842.3,651.33,6,665.87,271.84,0.0,1350.12,379.49,923.17,18.69,6,35.8,14.61,0.0,56.26,4.08,33.31,256.0,6,564.67,230.53,0.0,848.59,25.47,486.53,15.01,6,35.54,14.51,0.0,52.31,0.5,29.52,25,6,4.17,22.0,3.0,7.33,21.0,3.0,7.0,,,
Summer 2024,Kookoos,12.09,11,7.22,2.18,7.24,16.94,9.91,14.27,12.45,11,7.55,2.28,7.38,17.53,10.18,14.73,7.91,11,3.7,1.12,5.42,10.39,6.79,9.02,130.64,11,93.6,28.22,67.76,193.52,102.42,158.86,432.55,11,371.93,112.14,182.68,682.41,320.4,544.69,595.64,11,410.04,123.63,320.17,871.1,472.01,719.27,8.25,11,5.04,1.52,4.87,11.64,6.74,9.77,70.36,11,71.54,21.57,22.3,118.43,48.79,91.93,3.83,11,4.93,1.49,0.52,7.14,2.34,5.31,32,11,2.91,19.0,4.0,4.75,25.0,3.0,8.33,26.0,4.0,6.5
Summer 2024,Guinsuan MPA,10.0,7,6.88,2.6,3.64,16.36,7.4,12.6,23.71,7,17.31,6.54,7.71,39.72,17.17,30.26,5.71,7,3.25,1.23,2.71,8.72,4.49,6.94,109.0,7,57.66,21.79,55.68,162.32,87.21,130.79,469.29,7,263.2,99.48,225.87,712.71,369.81,568.77,617.71,7,319.91,120.91,321.85,913.58,496.8,738.63,7.63,7,4.78,1.81,3.21,12.05,5.82,9.43,66.29,7,45.55,17.22,24.16,108.41,49.07,83.5,3.36,7,2.95,1.11,0.64,6.09,2.25,4.47,30,7,4.29,19.0,3.0,6.33,23.0,2.0,11.5,22.0,2.0,11.0
Summer 2024,Dalakit MPA,11.0,2,4.24,3.0,0.0,49.12,8.0,14.0,13.5,2,4.95,3.5,0.0,57.97,10.0,17.0,4.5,2,0.71,0.5,0.0,10.85,4.0,5.0,86.5,2,34.65,24.5,0.0,397.8,62.0,111.0,151.0,2,89.1,63.0,0.0,951.49,88.0,214.0,266.5,2,133.64,94.5,0.0,1467.24,172.0,361.0,3.65,2,1.8,1.28,0.0,19.85,2.37,4.92,23.0,2,26.87,19.0,0.0,264.42,4.0,42.0,1.87,2,2.09,1.48,0.0,20.64,0.4,3.35,18,2,9.0,18.0,2.0,9.0,,,,,,
Autumn 2024,Salag MPA,12.6,10,6.96,2.2,7.62,17.58,10.4,14.8,19.0,10,13.1,4.14,9.63,28.37,14.86,23.14,4.3,10,2.75,0.87,2.33,6.27,3.43,5.17,71.0,10,51.35,16.24,34.27,107.73,54.76,87.24,350.5,10,311.05,98.36,127.99,573.01,252.14,448.86,457.4,10,349.19,110.42,207.61,707.19,346.98,567.82,11.42,10,8.01,2.53,5.69,17.15,8.89,13.96,113.1,10,150.87,47.71,5.17,221.03,65.39,160.81,6.27,10,6.24,1.97,1.81,10.74,4.3,8.25,37,10,3.7,22.0,4.0,5.5,29.0,3.0,9.67,28.0,3.0,9.33
Autumn 2024,Maluay Malatapay MPA,7.71,14,4.53,1.21,5.1,10.33,6.5,8.93,12.14,14,7.54,2.02,7.79,16.5,10.13,14.16,14.07,14,11.08,2.96,7.68,20.47,11.11,17.03,78.5,14,59.32,15.85,44.25,112.75,62.65,94.35,362.21,14,245.33,65.57,220.57,503.86,296.65,427.78,474.64,14,299.44,80.03,301.75,647.54,394.61,554.67,12.0,14,7.29,1.95,7.79,16.21,10.05,13.95,88.14,14,98.71,26.38,31.15,145.14,61.76,114.53,6.58,14,7.87,2.1,2.03,11.12,4.47,8.68,38,14,2.71,28.0,5.0,5.6,21.0,4.0,5.25,33.0,5.0,6.6
Autumn 2024,Lutoban South MPA,13.67,9,6.86,2.29,8.4,18.94,11.38,15.95,23.67,9,12.97,4.32,13.7,33.64,19.34,27.99,17.33,9,6.87,2.29,12.05,22.62,15.04,19.62,99.89,9,62.99,21.0,51.47,148.3,78.89,120.88,625.89,9,319.9,106.63,379.99,871.79,519.25,732.52,780.44,9,369.18,123.06,496.67,1064.22,657.38,903.5,19.57,9,27.75,9.25,0.0,40.91,10.32,28.83,122.22,9,182.42,60.81,0.0,262.44,61.42,183.03,12.31,9,25.66,8.55,0.0,32.03,3.75,20.86,39,9,4.33,26.0,3.0,8.67,37.0,3.0,12.33,24.0,3.0,8.0
Autumn 2024,Lutoban North MPA,9.09,11,6.27,1.89,4.88,13.3,7.2,10.98,12.45,11,8.12,2.45,7.0,17.91,10.01,14.9,10.91,11,7.12,2.15,6.13,15.69,8.76,13.06,114.82,11,83.56,25.19,58.68,170.95,89.63,140.01,490.73,11,323.46,97.53,273.43,708.03,393.2,588.25,638.0,11,377.28,113.75,384.54,891.46,524.25,751.75,7.32,11,6.1,1.84,3.22,11.41,5.48,9.16,89.82,11,166.3,50.14,0.0,201.54,39.68,139.96,2.92,11,4.91,1.48,0.0,6.22,1.44,4.41,31,11,2.82,25.0,3.0,8.33,24.0,5.0,4.8,21.0,3.0,7.0
Autumn 2024,Latason MPA,13.29,7,8.85,3.34,5.11,21.47,9.94,16.63,17.86,7,11.91,4.5,6.84,28.87,13.36,22.36,16.43,7,8.38,3.17,8.67,24.18,13.26,19.6,54.71,7,58.07,21.95,1.0,108.42,32.76,76.66,512.86,7,306.15,115.71,229.72,795.99,397.15,628.57,615.14,7,364.2,137.65,278.31,951.97,477.49,752.8,11.93,7,11.14,4.21,1.62,22.23,7.71,16.14,139.71,7,188.24,71.15,0.0,313.81,68.57,210.86,6.16,7,10.64,4.02,0.0,16.0,2.14,10.18,29,7,4.14,22.0,3.0,7.33,26.0,4.0,6.5,,,
Autumn 2024,Santa Catalina Cawitan,12.5,2,2.12,1.5,0.0,31.56,11.0,14.0,17.0,2,0.0,0.0,17.0,17.0,17.0,17.0,8.0,2,4.24,3.0,0.0,46.12,5.0,11.0,78.5,2,19.09,13.5,0.0,250.03,65.0,92.0,591.5,2,604.58,427.5,0.0,6023.4,164.0,1019.0,707.5,2,625.79,442.5,0.0,6330.0,265.0,1150.0,3.0,2,0.32,0.23,0.11,5.9,2.78,3.23,557.0,2,564.27,399.0,0.0,5626.78,158.0,956.0,1.79,2,0.58,0.41,0.0,6.96,1.38,2.2,16,2,8.0,16.0,2.0,8.0,,,,,,
Autumn 2024,Kookoos,10.85,13,6.18,1.71,7.11,14.58,9.13,12.56,10.08,13,4.7,1.3,7.24,12.92,8.77,11.38,7.85,13,5.0,1.39,4.83,10.87,6.46,9.23,88.62,13,77.24,21.42,41.94,135.29,67.19,110.04,424.92,13,204.19,56.63,301.53,548.32,368.29,481.56,542.31,13,227.99,63.23,404.53,680.08,479.07,605.54,10.55,13,5.69,1.58,7.11,13.99,8.97,12.13,57.85,13,70.58,19.58,15.19,100.5,38.27,77.42,3.92,13,4.72,1.31,1.06,6.77,2.61,5.23,29,13,2.23,22.0,6.0,3.67,27.0,3.0,9.0,21.0,4.0,5.25
Autumn 2024,Guinsuan MPA,7.31,13,5.3,1.47,4.11,10.51,5.84,8.78,13.69,13,8.72,2.42,8.42,18.96,11.27,16.11,6.92,13,6.54,1.81,2.97,10.87,5.11,8.74,47.92,13,42.91,11.9,21.99,73.85,36.02,59.82,348.46,13,365.55,101.38,127.56,569.36,247.08,449.85,424.31,13,404.32,112.14,179.98,668.64,312.17,536.45,9.93,13,13.0,3.61,2.07,17.79,6.32,13.54,50.31,13,60.4,16.75,13.81,86.81,33.56,67.06,3.11,13,5.02,1.39,0.08,6.14,1.72,4.5,32,13,2.46,17.0,4.0,4.25,29.0,5.0,5.8,24.0,4.0,6.0
Autumn 2024,Lutoban Pier,10.33,9,5.32,1.77,6.25,14.42,8.56,12.11,16.78,9,8.84,2.95,9.98,23.57,13.83,19.73,15.0,9,5.79,1.93,10.55,19.45,13.07,16.93,82.0,9,49.01,16.34,44.33,119.67,65.66,98.34,747.33,9,356.49,118.83,473.31,1021.36,628.5,866.16,871.44,9,381.59,127.2,578.13,1164.76,744.25,998.64,19.77,9,12.88,4.29,9.87,29.67,15.48,24.07,172.44,9,220.29,73.43,3.11,341.78,99.01,245.88,10.99,9,13.26,4.42,0.8,21.18,6.58,15.41,34,9,3.78,25.0,3.0,8.33,31.0,3.0,10.33,25.0,3.0,8.33
Autumn 2024,Andulay MPA,11.46,13,6.4,1.77,7.6,15.33,9.69,13.24,12.23,13,7.57,2.1,7.65,16.81,10.13,14.33,12.69,13,5.89,1.63,9.13,16.25,11.06,14.33,99.62,13,71.86,19.93,56.19,143.04,79.69,119.54,710.46,13,292.01,80.99,534.0,886.92,629.47,791.45,846.46,13,292.41,81.1,669.76,1023.16,765.36,927.56,14.81,13,12.07,3.35,7.51,22.11,11.46,18.16,77.23,13,118.3,32.81,5.74,148.72,44.42,110.04,6.22,13,9.84,2.73,0.28,12.17,3.49,8.95,33,13,2.54,23.0,4.0,5.75,31.0,5.0,6.2,30.0,4.0,7.5
Autumn 2024,Antulang,16.57,7,5.97,2.26,11.05,22.09,14.32,18.83,23.71,7,9.59,3.62,14.85,32.58,20.09,27.34,31.71,7,22.61,8.55,10.8,52.63,23.17,40.26,85.43,7,14.68,5.55,71.85,99.01,79.88,90.98,956.29,7,320.86,121.27,659.54,1253.03,835.01,1077.56,1113.71,7,351.56,132.88,788.58,1438.85,980.84,1246.59,17.38,7,8.42,3.18,9.6,25.17,14.2,20.56,90.0,7,79.61,30.09,16.37,163.63,59.91,120.09,4.7,7,5.73,2.16,0.0,9.99,2.54,6.86,30,7,4.29,21.0,2.0,10.5,23.0,2.0,11.5,25.0,3.0,8.33
Autumn 2024,Basak Can-Unsang MPA,26.33,12,21.4,6.18,12.74,39.93,20.16,32.51,25.33,12,29.41,8.49,6.65,44.02,16.84,33.82,8.75,12,10.05,2.9,2.37,15.13,5.85,11.65,82.67,12,63.5,18.33,42.32,123.01,64.34,101.0,522.0,12,374.88,108.22,283.81,760.19,413.78,630.22,665.08,12,457.42,132.05,374.45,955.71,533.04,797.13,23.06,12,24.79,7.16,7.31,38.81,15.9,30.21,201.33,12,271.96,78.51,28.54,374.13,122.82,279.84,16.83,12,22.36,6.45,2.62,31.04,10.38,23.28,38,12,3.17,27.0,2.0,13.5,27.0,5.0,5.4,29.0,5.0,5.8
Autumn 2024,Dalakit MPA,2.0,1,,,,,,,2.0,1,,,,,,,4.0,1,,,,,,,20.0,1,,,,,,,23.0,1,,,,,,,51.0,1,,,,,,,1.24,1,,,,,,,8.0,1,,,,,,,0.62,1,,,,,,,14,1,14.0,14.0,1.0,14.0,,,,,,
Autumn 2024,Santa Catalina Manalongon,3.0,4,0.82,0.41,1.7,4.3,2.59,3.41,16.5,4,5.32,2.66,8.03,24.97,13.84,19.16,8.0,4,4.76,2.38,0.42,15.58,5.62,10.38,61.0,4,18.28,9.14,31.92,90.08,51.86,70.14,80.5,4,37.46,18.73,20.9,140.1,61.77,99.23,169.0,4,52.29,26.14,85.8,252.2,142.86,195.14,0.69,4,0.19,0.1,0.38,0.99,0.59,0.78,11.5,4,7.05,3.52,0.29,22.71,7.98,15.02,0.16,4,0.13,0.07,0.0,0.37,0.1,0.23,15,4,3.75,15.0,4.0,3.75,,,,,,
Winter 24/25,Mojon MPA,7.5,4,3.42,1.71,2.06,12.94,5.79,9.21,11.75,4,5.19,2.59,3.49,20.01,9.16,14.34,18.75,4,7.63,3.82,6.61,30.89,14.93,22.57,174.25,4,134.42,67.21,0.0,388.14,107.04,241.46,475.75,4,82.36,41.18,344.7,606.8,434.57,516.93,688.0,4,75.44,37.72,567.96,808.04,650.28,725.72,21.29,4,5.21,2.6,13.01,29.57,18.69,23.89,152.25,4,163.3,81.65,0.0,412.1,70.6,233.9,8.64,4,7.58,3.79,0.0,20.7,4.86,12.43,28,4,7.0,19.0,2.0,9.5,25.0,2.0,12.5,,,
Winter 24/25,Maluay Malatapay MPA,7.22,18,4.54,1.07,4.96,9.48,6.15,8.29,15.22,18,8.78,2.07,10.86,19.59,13.15,17.29,11.94,18,7.87,1.85,8.03,15.86,10.09,13.8,82.06,18,71.64,16.89,46.43,117.68,65.17,98.94,407.56,18,357.06,84.16,229.99,585.12,323.4,491.72,524.0,18,402.85,94.95,323.67,724.33,429.05,618.95,20.89,18,27.11,6.39,7.41,34.37,14.5,27.28,172.06,18,240.81,56.76,52.31,291.81,115.3,228.81,15.12,18,26.3,6.2,2.04,28.2,8.92,21.32,33,18,1.83,25.0,6.0,4.17,28.0,6.0,4.67,28.0,6.0,4.67
Winter 24/25,Lutoban South MPA,9.22,18,4.35,1.02,7.06,11.38,8.2,10.25,11.56,18,4.85,1.14,9.14,13.97,10.41,12.7,8.67,18,4.27,1.01,6.54,10.79,7.66,9.67,46.61,18,31.13,7.34,31.13,62.09,39.27,53.95,307.39,18,104.33,24.59,255.51,359.27,282.8,331.98,383.44,18,114.02,26.87,326.74,440.15,356.57,410.32,8.93,18,5.05,1.19,6.42,11.44,7.74,10.12,46.28,18,52.22,12.31,20.31,72.24,33.97,58.59,4.59,18,5.08,1.2,2.06,7.12,3.39,5.79,35,18,1.94,23.0,5.0,4.6,27.0,7.0,3.86,24.0,6.0,4.0
Winter 24/25,Andulay MPA,11.28,18,6.57,1.55,8.01,14.54,9.73,12.83,9.83,18,4.06,0.96,7.81,11.85,8.88,10.79,16.39,18,6.93,1.63,12.94,19.83,14.76,18.02,86.89,18,45.21,10.66,64.41,109.37,76.23,97.54,583.39,18,256.05,60.35,456.06,710.72,523.04,643.74,707.78,18,241.38,56.89,587.74,827.81,650.88,764.67,17.27,18,14.17,3.34,10.23,24.32,13.93,20.61,72.11,18,103.71,24.44,20.54,123.68,47.67,96.55,6.85,18,8.36,1.97,2.7,11.01,4.88,8.82,39,18,2.17,35.0,6.0,5.83,29.0,6.0,4.83,32.0,6.0,5.33
Winter 24/25,Lutoban North MPA,10.83,18,5.39,1.27,8.15,13.52,9.56,12.1,14.0,18,8.01,1.89,10.01,17.99,12.11,15.89,9.72,18,4.0,0.94,7.73,11.71,8.78,10.66,85.39,18,65.52,15.44,52.81,117.97,69.95,100.83,428.78,18,169.55,39.96,344.46,513.09,388.82,468.74,548.72,18,218.2,51.43,440.21,657.23,497.29,600.15,15.06,18,21.48,5.06,4.38,25.74,10.0,20.12,62.67,18,74.1,17.46,25.82,99.51,45.2,80.13,5.68,18,6.34,1.49,2.52,8.83,4.18,7.17,38,18,2.11,31.0,6.0,5.17,29.0,6.0,4.83,29.0,6.0,4.83
Winter 24/25,Kookoos,11.11,18,5.28,1.24,8.49,13.74,9.87,12.36,11.61,18,8.63,2.03,7.32,15.9,9.58,13.65,7.22,18,5.58,1.31,4.45,10.0,5.91,8.54,47.83,18,24.73,5.83,35.54,60.13,42.0,53.66,485.17,18,253.26,59.69,359.22,611.11,425.47,544.86,562.94,18,252.49,59.51,437.39,688.5,503.43,622.46,13.64,18,8.67,2.04,9.33,17.95,11.6,15.68,57.78,18,63.86,15.05,26.02,89.53,42.73,72.83,5.31,18,5.65,1.33,2.5,8.12,3.98,6.64,31,18,1.72,20.0,6.0,3.33,26.0,6.0,4.33,27.0,6.0,4.5
Winter 24/25,Guinsuan MPA,10.33,12,4.89,1.41,7.23,13.44,8.92,11.74,14.0,12,7.7,2.22,9.11,18.89,11.78,16.22,11.58,12,6.27,1.81,7.6,15.57,9.77,13.39,70.0,12,65.07,18.78,28.66,111.34,51.22,88.78,425.83,12,219.65,63.41,286.27,565.39,362.42,489.24,531.75,12,262.59,75.8,364.91,698.59,455.95,607.55,19.74,12,25.72,7.43,3.4,36.08,12.32,27.17,59.75,12,43.69,12.61,31.99,87.51,47.14,72.36,12.2,12,23.05,6.66,0.0,26.85,5.55,18.86,35,12,2.92,24.0,4.0,6.0,27.0,4.0,6.75,29.0,4.0,7.25
Winter 24/25,Dalakit MPA,5.0,4,2.94,1.47,0.32,9.68,3.53,6.47,19.25,4,7.85,3.92,6.76,31.74,15.33,23.17,7.0,4,3.37,1.68,1.64,12.36,5.32,8.68,86.75,4,27.37,13.68,43.2,130.3,73.07,100.43,335.5,4,79.56,39.78,208.9,462.1,295.72,375.28,453.5,4,88.55,44.28,312.59,594.41,409.22,497.78,18.35,4,8.55,4.27,4.76,31.95,14.08,22.63,80.75,4,52.6,26.3,0.0,164.45,54.45,107.05,10.88,4,7.13,3.57,0.0,22.23,7.31,14.44,28,4,7.0,28.0,4.0,7.0,,,,,,
Winter 24/25,Basak Can-Unsang MPA,16.0,12,8.89,2.57,10.35,21.65,13.43,18.57,10.25,12,3.02,0.87,8.33,12.17,9.38,11.12,5.5,12,3.53,1.02,3.26,7.74,4.48,6.52,83.0,12,56.7,16.37,46.97,119.03,66.63,99.37,517.92,12,281.84,81.36,338.85,696.99,436.56,599.28,632.67,12,327.33,94.49,424.69,840.64,538.18,727.16,36.93,12,40.32,11.64,11.31,62.55,25.29,48.57,137.58,12,130.25,37.6,54.83,220.34,99.98,175.18,13.68,12,14.36,4.15,4.56,22.81,9.54,17.83,36,12,3.0,24.0,4.0,6.0,29.0,4.0,7.25,29.0,4.0,7.25
Winter 24/25,Antulang,13.0,19,6.09,1.4,10.06,15.94,11.6,14.4,10.05,19,4.09,0.94,8.08,12.02,9.11,10.99,17.68,19,7.39,1.69,14.12,21.24,15.99,19.38,60.26,19,59.41,13.63,31.63,88.9,46.63,73.89,537.53,19,237.24,54.43,423.18,651.87,483.1,591.95,638.53,19,248.86,57.09,518.58,758.47,581.43,695.62,16.62,19,17.84,4.09,8.02,25.22,12.52,20.71,59.37,19,96.83,22.21,12.7,106.04,37.16,81.58,8.08,19,17.91,4.11,0.0,16.71,3.97,12.19,32,19,1.68,27.0,7.0,3.86,24.0,6.0,4.0,26.0,6.0,4.33
Winter 24/25,Lutoban Pier,8.53,19,4.33,0.99,6.44,10.61,7.53,9.52,6.89,19,3.21,0.74,5.35,8.44,6.16,7.63,7.37,19,4.21,0.96,5.34,9.4,6.4,8.33,76.0,19,57.9,13.28,48.09,103.91,62.72,89.28,410.53,19,200.4,45.98,313.93,507.12,364.55,456.5,509.32,19,204.49,46.91,410.76,607.87,462.4,556.23,12.54,19,13.93,3.2,5.82,19.25,9.34,15.73,56.47,19,80.32,18.43,17.76,95.19,38.05,74.9,5.09,19,9.64,2.21,0.44,9.74,2.88,7.3,35,19,1.84,23.0,8.0,2.88,27.0,5.0,5.4,30.0,6.0,5.0
Winter 24/25,Latason MPA,8.23,13,4.99,1.38,5.22,11.24,6.85,9.61,7.31,13,3.43,0.95,5.24,9.38,6.36,8.26,8.0,13,4.38,1.21,5.35,10.65,6.79,9.21,16.54,13,7.93,2.2,11.74,21.33,14.34,18.74,319.69,13,134.94,37.43,238.15,401.24,282.27,357.12,359.77,13,135.64,37.62,277.8,441.73,322.15,397.39,5.06,13,2.85,0.79,3.34,6.79,4.27,5.85,27.69,13,47.49,13.17,0.0,56.39,14.52,40.86,1.3,13,1.62,0.45,0.32,2.28,0.85,1.75,29,13,2.23,21.0,6.0,3.5,25.0,7.0,3.57,,,
Winter 24/25,Santa Catalina Cawitan,11.0,2,2.83,2.0,0.0,36.41,9.0,13.0,18.5,2,4.95,3.5,0.0,62.97,15.0,22.0,6.5,2,3.54,2.5,0.0,38.27,4.0,9.0,23.0,2,1.41,1.0,10.29,35.71,22.0,24.0,52.5,2,23.33,16.5,0.0,262.15,36.0,69.0,111.5,2,17.68,12.5,0.0,270.33,99.0,124.0,3.05,2,0.44,0.31,0.0,6.99,2.75,3.36,38.5,2,2.12,1.5,19.44,57.56,37.0,40.0,1.38,2,0.25,0.17,0.0,3.58,1.2,1.55,20,2,10.0,20.0,2.0,10.0,,,,,,
Winter 24/25,Salag MPA,11.94,18,7.34,1.73,8.29,15.6,10.21,13.68,14.22,18,7.41,1.75,10.54,17.91,12.48,15.97,4.28,18,4.32,1.02,2.13,6.43,3.26,5.3,77.28,18,52.82,12.45,51.01,103.55,64.83,89.73,491.44,18,537.5,126.69,224.15,758.74,364.75,618.13,599.17,18,595.46,140.35,303.05,895.28,458.82,739.52,14.58,18,13.36,3.15,7.93,21.23,11.43,17.73,139.61,18,326.2,76.89,0.0,301.83,62.73,216.5,9.2,18,10.83,2.55,3.82,14.58,6.65,11.75,35,18,1.94,25.0,6.0,4.17,31.0,6.0,5.17,28.0,6.0,4.67
Spring 2025,Salag MPA,10.37,19,4.23,0.97,8.33,12.41,9.4,11.34,14.0,19,7.94,1.82,10.17,17.83,12.18,15.82,4.42,19,4.27,0.98,2.36,6.48,3.44,5.4,64.26,19,42.73,9.8,43.67,84.86,54.46,74.07,440.32,19,168.87,38.74,358.92,521.71,401.57,479.06,533.37,19,169.09,38.79,451.87,614.87,494.58,572.16,13.06,19,10.9,2.5,7.81,18.32,10.56,15.56,75.58,19,86.01,19.73,34.12,117.03,55.85,95.31,8.34,19,10.01,2.3,3.52,13.17,6.05,10.64,31,19,1.63,26.0,7.0,3.71,27.0,6.0,4.5,28.0,6.0,4.67
Spring 2025,Andulay MPA,10.79,19,5.69,1.31,8.05,13.53,9.48,12.1,9.16,19,5.54,1.27,6.49,11.83,7.89,10.43,12.63,19,7.99,1.83,8.78,16.48,10.8,14.46,87.79,19,58.35,13.39,59.67,115.91,74.4,101.18,588.63,19,162.99,37.39,510.07,667.19,551.24,626.02,709.0,19,164.7,37.78,629.62,788.38,671.22,746.78,12.53,19,7.11,1.63,9.1,15.96,10.9,14.17,77.26,19,89.55,20.54,34.1,120.43,56.72,97.81,6.25,19,5.81,1.33,3.45,9.05,4.92,7.58,33,19,1.74,25.0,6.0,4.17,27.0,6.0,4.5,26.0,7.0,3.71
Spring 2025,Antulang,7.45,20,4.56,1.02,5.32,9.58,6.43,8.47,8.85,20,5.25,1.17,6.39,11.31,7.68,10.02,16.3,20,8.74,1.95,12.21,20.39,14.35,18.25,56.05,20,44.83,10.02,35.07,77.03,46.03,66.07,609.15,20,235.04,52.56,499.15,719.15,556.59,661.71,697.8,20,273.81,61.23,569.65,825.95,636.57,759.03,8.97,20,4.61,1.03,6.81,11.13,7.94,10.0,53.35,20,69.11,15.45,21.01,85.69,37.9,68.8,3.2,20,3.37,0.75,1.63,4.78,2.45,3.96,33,20,1.65,28.0,7.0,4.0,26.0,6.0,4.33,27.0,7.0,3.86
Spring 2025,Basak Can-Unsang MPA,12.08,12,5.04,1.45,8.88,15.28,10.63,13.54,11.17,12,5.61,1.62,7.6,14.73,9.55,12.78,9.0,12,6.59,1.9,4.81,13.19,7.1,10.9,119.75,12,111.12,32.08,49.15,190.35,87.67,151.83,515.92,12,270.14,77.98,344.28,687.55,437.93,593.9,667.92,12,331.57,95.72,457.25,878.59,572.2,763.63,36.05,12,53.97,15.58,1.76,70.33,20.47,51.62,149.33,12,179.92,51.94,35.02,263.65,97.4,201.27,27.97,12,52.67,15.21,0.0,61.43,12.76,43.17,32,12,2.67,19.0,4.0,4.75,26.0,4.0,6.5,30.0,4.0,7.5
Spring 2025,Dalakit MPA,9.25,4,3.1,1.55,4.32,14.18,7.7,10.8,15.75,4,7.32,3.66,4.1,27.4,12.09,19.41,9.5,4,3.11,1.55,4.55,14.45,7.95,11.05,67.5,4,13.4,6.7,46.17,88.83,60.8,74.2,193.5,4,63.76,31.88,92.04,294.96,161.62,225.38,295.5,4,87.82,43.91,155.75,435.25,251.59,339.41,14.23,4,5.7,2.85,5.16,23.3,11.38,17.08,57.5,4,27.15,13.57,14.3,100.7,43.93,71.07,9.66,4,5.52,2.76,0.87,18.45,6.89,12.42,26,4,6.5,26.0,4.0,6.5,,,,,,
Spring 2025,Guinsuan MPA,8.17,12,8.66,2.5,2.66,13.67,5.67,10.67,25.42,12,14.63,4.22,16.12,34.71,21.19,29.64,6.0,12,5.26,1.52,2.66,9.34,4.48,7.52,68.92,12,28.79,8.31,50.62,87.21,60.61,77.23,790.42,12,334.21,96.48,578.07,1002.76,693.94,886.89,898.92,12,347.58,100.34,678.07,1119.76,798.58,999.26,13.45,12,10.78,3.11,6.6,20.3,10.34,16.56,183.5,12,237.7,68.62,32.47,334.53,114.88,252.12,8.27,12,10.11,2.92,1.85,14.7,5.35,11.19,29,12,2.42,20.0,4.0,5.0,24.0,4.0,6.0,23.0,4.0,5.75
Spring 2025,Kookoos,10.78,18,3.86,0.91,8.86,12.7,9.87,11.69,5.44,18,2.91,0.69,3.99,6.89,4.76,6.13,9.06,18,4.25,1.0,6.94,11.17,8.05,10.06,72.39,18,57.25,13.49,43.92,100.86,58.89,85.88,519.67,18,260.37,61.37,390.19,649.14,458.3,581.04,617.33,18,285.87,67.38,475.17,759.49,549.95,684.71,12.98,18,8.38,1.97,8.82,17.15,11.01,14.96,50.22,18,59.37,13.99,20.7,79.74,36.23,64.21,5.22,18,7.56,1.78,1.46,8.98,3.44,7.0,30,18,1.67,20.0,6.0,3.33,24.0,6.0,4.0,27.0,6.0,4.5
Spring 2025,Latason MPA,6.29,14,4.56,1.22,3.65,8.92,5.07,7.51,7.64,14,4.52,1.21,5.03,10.25,6.44,8.85,9.79,14,5.51,1.47,6.61,12.97,8.31,11.26,32.93,14,26.74,7.15,17.49,48.37,25.78,40.08,294.07,14,147.83,39.51,208.72,379.43,254.56,333.58,350.71,14,177.95,47.56,247.97,453.46,303.16,398.27,6.94,14,5.7,1.52,3.65,10.23,5.42,8.46,31.43,14,37.95,10.14,9.52,53.34,21.29,41.57,3.0,14,4.5,1.2,0.4,5.6,1.79,4.2,25,14,1.79,22.0,8.0,2.75,25.0,6.0,4.17,,,
Spring 2025,Lutoban North MPA,11.0,19,4.69,1.08,8.74,13.26,9.92,12.08,10.11,19,6.63,1.52,6.91,13.3,8.58,11.63,10.21,19,6.37,1.46,7.14,13.28,8.75,11.67,52.79,19,49.76,11.42,28.8,76.77,41.37,64.21,431.47,19,121.17,27.8,373.07,489.88,403.67,459.27,515.58,19,144.7,33.2,445.84,585.32,482.38,548.78,9.36,19,6.42,1.47,6.27,12.46,7.89,10.84,41.37,19,32.77,7.52,25.57,57.16,33.85,48.89,3.46,19,3.99,0.92,1.54,5.39,2.55,4.38,29,19,1.53,24.0,6.0,4.0,26.0,7.0,3.71,25.0,6.0,4.17
Spring 2025,Lutoban Pier,10.42,19,5.62,1.29,7.71,13.13,9.13,11.71,8.21,19,9.16,2.1,3.8,12.62,6.11,10.31,10.53,19,6.53,1.5,7.38,13.67,9.03,12.02,104.32,19,94.79,21.75,58.63,150.0,82.57,126.06,462.63,19,167.15,38.35,382.07,543.2,424.28,500.98,596.11,19,205.12,47.06,497.24,694.97,549.05,643.16,11.12,19,8.53,1.96,7.01,15.23,9.16,13.07,63.68,19,97.84,22.45,16.53,110.84,41.24,86.13,5.23,19,7.97,1.83,1.39,9.07,3.4,7.06,31,19,1.63,22.0,7.0,3.14,23.0,6.0,3.83,27.0,6.0,4.5
Spring 2025,Lutoban South MPA,8.17,18,5.49,1.29,5.44,10.9,6.87,9.46,7.0,18,4.21,0.99,4.9,9.1,6.01,7.99,8.33,18,4.67,1.1,6.01,10.65,7.23,9.43,36.06,18,19.06,4.49,26.58,45.53,31.56,40.55,335.11,18,153.56,36.19,258.75,411.47,298.92,371.3,394.67,18,161.29,38.02,314.46,474.87,356.65,432.68,8.0,18,5.58,1.32,5.23,10.78,6.69,9.32,35.56,18,35.9,8.46,17.7,53.41,27.09,44.02,4.17,18,4.8,1.13,1.78,6.56,3.04,5.3,29,18,1.61,23.0,6.0,3.83,25.0,6.0,4.17,26.0,6.0,4.33
Spring 2025,Santa Catalina Manalongon,0.25,8,0.71,0.25,0.0,0.84,0.0,0.5,12.5,8,7.87,2.78,5.92,19.08,9.72,15.28,3.0,8,2.39,0.85,1.0,5.0,2.15,3.85,47.25,8,24.28,8.59,26.95,67.55,38.66,55.84,80.75,8,59.92,21.19,30.65,130.85,59.56,101.94,143.75,8,88.74,31.37,69.56,217.94,112.38,175.12,1.5,8,0.93,0.33,0.72,2.28,1.17,1.83,16.0,8,12.73,4.5,5.36,26.64,11.5,20.5,0.72,8,0.67,0.24,0.16,1.28,0.48,0.95,19,8,2.38,19.0,8.0,2.38,,,,,,
Spring 2025,Santa Catalina Cawitan,5.25,4,4.11,2.06,0.0,11.79,3.19,7.31,11.75,4,6.99,3.5,0.62,22.88,8.25,15.25,5.75,4,5.62,2.81,0.0,14.69,2.94,8.56,21.75,4,8.18,4.09,8.73,34.77,17.66,25.84,42.0,4,25.03,12.52,2.17,81.83,29.48,54.52,86.5,4,37.22,18.61,27.27,145.73,67.89,105.11,1.86,4,1.48,0.74,0.0,4.22,1.12,2.6,16.0,4,10.3,5.15,0.0,32.38,10.85,21.15,0.8,4,0.68,0.34,0.0,1.88,0.46,1.14,20,4,5.0,20.0,4.0,5.0,,,,,,
Spring 2025,Maluay Malatapay MPA,7.06,18,5.51,1.3,4.31,9.8,5.76,8.36,10.94,18,6.99,1.65,7.47,14.42,9.3,12.59,13.94,18,7.49,1.76,10.22,17.67,12.18,15.71,103.94,18,149.05,35.13,29.83,178.06,68.81,139.07,294.5,18,234.09,55.17,178.09,410.91,239.33,349.67,430.39,18,275.85,65.02,293.21,567.56,365.37,495.41,13.69,18,12.87,3.03,7.29,20.09,10.65,16.72,108.5,18,162.6,38.32,27.64,189.36,70.18,146.82,9.63,18,12.73,3.0,3.3,15.96,6.63,12.63,30,18,1.67,25.0,6.0,4.17,25.0,6.0,4.17,25.0,6.0,4.17
Spring 2025,Mojon MPA,8.25,4,5.06,2.53,0.2,16.3,5.72,10.78,14.25,4,5.91,2.95,4.85,23.65,11.3,17.2,21.5,4,7.05,3.52,10.29,32.71,17.98,25.02,214.5,4,110.63,55.31,38.47,390.53,159.19,269.81,841.0,4,348.14,174.07,287.02,1394.98,666.93,1015.07,1099.5,4,279.59,139.8,654.61,1544.39,959.7,1239.3,29.59,4,25.16,12.58,0.0,69.62,17.01,42.17,251.0,4,205.96,102.98,0.0,578.73,148.02,353.98,19.89,4,20.2,10.1,0.0,52.04,9.8,29.99,28,4,7.0,22.0,2.0,11.0,26.0,2.0,13.0,,,
Summer 2025,Mojon MPA,9.83,6,5.71,2.33,3.84,15.82,7.5,12.16,10.0,6,3.52,1.44,6.3,13.7,8.56,11.44,28.5,6,14.69,6.0,13.08,43.92,22.5,34.5,69.5,6,23.77,9.7,44.55,94.45,59.8,79.2,607.5,6,149.26,60.94,450.86,764.14,546.56,668.44,725.33,6,149.62,61.08,568.31,882.35,664.25,786.42,9.12,6,3.38,1.38,5.58,12.67,7.74,10.51,39.67,6,38.98,15.91,0.0,80.57,23.76,55.58,2.5,6,2.17,0.89,0.22,4.78,1.61,3.39,29,6,4.83,23.0,3.0,7.67,28.0,3.0,9.33,,,
Summer 2025,Andulay MPA,10.63,19,4.73,1.08,8.35,12.91,9.55,11.72,13.47,19,7.68,1.76,9.77,17.18,11.71,15.24,16.47,19,9.23,2.12,12.03,20.92,14.36,18.59,135.37,19,95.19,21.84,89.49,181.25,113.53,157.21,686.11,19,253.1,58.07,564.11,808.1,628.04,744.17,862.05,19,303.61,69.65,715.72,1008.39,792.4,931.71,12.29,19,8.09,1.86,8.39,16.19,10.43,14.14,63.26,19,53.79,12.34,37.34,89.19,50.92,75.6,6.35,19,6.05,1.39,3.43,9.26,4.96,7.74,34,19,1.79,28.0,6.0,4.67,28.0,7.0,4.0,28.0,6.0,4.67
Summer 2025,Basak Can-Unsang MPA,21.77,13,17.38,4.82,11.26,32.27,16.95,26.59,27.54,13,38.16,10.58,4.48,50.6,16.95,38.12,7.46,13,5.04,1.4,4.41,10.51,6.06,8.86,98.46,13,29.04,8.05,80.91,116.01,90.41,106.52,602.69,13,305.18,84.64,418.28,787.11,518.05,687.33,757.92,13,328.95,91.23,559.14,956.71,666.69,849.16,27.6,13,31.03,8.61,8.85,46.35,18.99,36.21,213.85,13,298.24,82.72,33.62,394.07,131.13,296.56,21.45,13,31.23,8.66,2.58,40.33,12.79,30.11,33,13,2.54,24.0,5.0,4.8,25.0,4.0,6.25,29.0,4.0,7.25
Summer 2025,Dalakit MPA,9.0,4,8.04,4.02,0.0,21.8,4.98,13.02,14.5,4,5.45,2.72,5.83,23.17,11.78,17.22,9.0,4,2.83,1.41,4.5,13.5,7.59,10.41,59.5,4,21.81,10.9,24.8,94.2,48.6,70.4,255.25,4,173.44,86.72,0.0,531.24,168.53,341.97,347.25,4,166.78,83.39,81.87,612.63,263.86,430.64,6.94,4,4.43,2.22,0.0,13.99,4.72,9.15,33.75,4,12.76,6.38,13.44,54.06,27.37,40.13,3.92,4,4.86,2.43,0.0,11.66,1.49,6.35,24,4,6.0,24.0,4.0,6.0,,,,,,
Summer 2025,Guinsuan MPA,10.79,14,6.22,1.66,7.2,14.37,9.12,12.45,22.79,14,7.39,1.98,18.52,27.05,20.81,24.76,12.14,14,10.96,2.93,5.81,18.47,9.21,15.07,108.64,14,68.72,18.37,68.97,148.32,90.28,127.01,1034.93,14,789.99,211.13,578.8,1491.06,823.79,1246.06,1189.29,14,818.03,218.63,716.97,1661.6,970.66,1407.91,31.46,14,47.55,12.71,4.0,58.91,18.75,44.17,301.57,14,488.27,130.5,19.65,583.49,171.08,432.07,22.49,14,44.21,11.81,0.0,48.02,10.68,34.31,32,14,2.29,26.0,4.0,6.5,28.0,6.0,4.67,23.0,4.0,5.75
Summer 2025,Kookoos,10.17,18,5.1,1.2,7.63,12.7,8.96,11.37,13.06,18,9.07,2.14,8.54,17.57,10.92,15.19,10.11,18,6.99,1.65,6.64,13.59,8.46,11.76,96.94,18,80.28,18.92,57.02,136.87,78.02,115.87,719.33,18,515.27,121.45,463.1,975.57,597.88,840.78,849.61,18,571.25,134.65,565.53,1133.69,714.97,984.26,30.13,18,45.38,10.7,7.56,52.69,19.43,40.82,268.28,18,434.49,102.41,52.21,484.35,165.87,370.69,24.32,18,44.91,10.59,1.98,46.65,13.73,34.9,32,18,1.78,21.0,6.0,3.5,23.0,6.0,3.83,26.0,6.0,4.33
Summer 2025,Latason MPA,8.67,12,6.14,1.77,4.77,12.57,6.89,10.44,12.33,12,8.74,2.52,6.78,17.89,9.81,14.86,10.25,12,6.88,1.99,5.88,14.62,8.26,12.24,56.42,12,29.65,8.56,37.58,75.25,47.86,64.98,374.0,12,155.27,44.82,275.35,472.65,329.18,418.82,461.67,12,175.25,50.59,350.32,573.01,411.08,512.26,6.36,12,4.56,1.32,3.47,9.26,5.05,7.68,51.83,12,39.21,11.32,26.92,76.74,40.52,63.15,3.24,12,3.09,0.89,1.28,5.2,2.35,4.13,28,12,2.33,24.0,6.0,4.0,24.0,6.0,4.0,,,
Summer 2025,Lutoban North MPA,12.05,20,5.9,1.32,9.29,14.81,10.73,13.37,12.7,20,5.19,1.16,10.27,15.13,11.54,13.86,13.25,20,6.54,1.46,10.19,16.31,11.79,14.71,88.15,20,46.85,10.48,66.22,110.08,77.67,98.63,562.1,20,175.66,39.28,479.89,644.31,522.82,601.38,688.25,20,193.39,43.24,597.74,778.76,645.01,731.49,9.54,20,5.79,1.3,6.83,12.25,8.24,10.83,70.7,20,70.86,15.84,37.54,103.86,54.86,86.54,4.88,20,5.77,1.29,2.18,7.58,3.59,6.17,29,20,1.45,24.0,6.0,4.0,26.0,8.0,3.25,26.0,6.0,4.33
Summer 2025,Lutoban Pier,14.09,23,6.44,1.34,11.3,16.87,12.74,15.43,9.48,23,5.14,1.07,7.25,11.7,8.41,10.55,14.52,23,7.86,1.64,11.12,17.92,12.88,16.16,114.43,23,60.76,12.67,88.16,140.71,101.77,127.1,650.87,23,317.92,66.29,513.39,788.35,584.58,717.16,803.39,23,356.46,74.33,649.25,957.54,729.06,877.72,13.91,23,15.29,3.19,7.3,20.52,10.73,17.1,68.87,23,109.16,22.76,21.67,116.07,46.11,91.63,7.35,23,13.18,2.75,1.65,13.05,4.6,10.1,38,23,1.65,26.0,8.0,3.25,31.0,8.0,3.88,32.0,7.0,4.57
Summer 2025,Lutoban South MPA,9.82,22,4.01,0.85,8.04,11.6,8.96,10.67,11.0,22,4.36,0.93,9.06,12.94,10.07,11.93,10.55,22,5.49,1.17,8.11,12.98,9.37,11.72,77.55,22,39.25,8.37,60.14,94.95,69.18,85.91,407.45,22,221.6,47.25,309.2,505.71,360.21,454.7,516.36,22,239.93,51.15,409.99,622.74,465.21,567.52,11.41,22,15.3,3.26,4.63,18.19,8.15,14.67,84.5,22,130.94,27.92,26.45,142.55,56.58,112.42,7.44,22,14.0,2.98,1.24,13.65,4.46,10.43,33,22,1.5,22.0,8.0,2.75,28.0,8.0,3.5,26.0,6.0,4.33
Summer 2025,Maluay Malatapay MPA,10.09,22,6.94,1.48,7.01,13.17,8.61,11.57,14.59,22,5.54,1.18,12.13,17.05,13.41,15.77,17.27,22,8.04,1.71,13.71,20.84,15.56,18.99,160.27,22,117.54,25.06,108.16,212.39,135.21,185.33,694.36,22,462.96,98.7,489.1,899.63,595.66,793.07,896.59,22,475.76,101.43,685.65,1107.53,795.16,998.02,39.51,22,37.16,7.92,23.04,55.99,31.59,47.44,349.41,22,323.56,68.98,205.95,492.87,280.43,418.39,34.48,22,38.29,8.16,17.5,51.46,26.32,42.65,36,22,1.64,31.0,8.0,3.88,28.0,7.0,4.0,28.0,7.0,4.0
Summer 2025,Salag MPA,10.72,18,5.32,1.25,8.08,13.37,9.47,11.98,17.06,18,5.7,1.34,14.22,19.89,15.71,18.4,4.11,18,3.1,0.73,2.57,5.65,3.38,4.84,90.67,18,54.82,12.92,63.41,117.93,77.75,103.59,366.22,18,262.63,61.9,235.62,496.82,304.32,428.12,488.78,18,277.6,65.43,350.73,626.82,423.35,554.21,20.74,18,35.26,8.31,3.2,38.28,12.43,29.05,66.22,18,47.17,11.12,42.77,89.68,55.11,77.34,11.78,18,15.42,3.63,4.12,19.45,8.15,15.42,32,18,1.78,27.0,6.0,4.5,29.0,6.0,4.83,26.0,6.0,4.33
Summer 2025,Antulang,13.35,20,9.02,2.02,9.13,17.57,11.33,15.37,15.35,20,10.39,2.32,10.49,20.21,13.03,17.67,23.25,20,17.77,3.97,14.93,31.57,19.28,27.22,124.65,20,86.62,19.37,84.11,165.19,105.28,144.02,724.1,20,357.9,80.03,556.6,891.6,644.07,804.13,900.7,20,383.52,85.76,721.21,1080.19,814.94,986.46,23.38,20,27.64,6.18,10.45,36.32,17.2,29.56,136.5,20,132.7,29.67,74.39,198.61,106.83,166.17,18.32,20,28.35,6.34,5.05,31.58,11.98,24.66,33,20,1.65,24.0,7.0,3.43,26.0,7.0,3.71,29.0,6.0,4.83
